model_name,schema_file,module,tags,tier,class,timestamp_column,has_full_refresh,has_existing_elementary_tests,rollout_wave,anomaly_enabled,kpi_columns,dimension_columns,schema_change_enabled,notes
contracts_AgentResultMapping_calls,models/contracts/AgentResultMapping/schema.yml,contracts,,tier3,event_grain,block_timestamp,True,False,1,False,,,False,contract event: schema_changes only
contracts_AgentResultMapping_events,models/contracts/AgentResultMapping/schema.yml,contracts,,tier3,event_grain,block_timestamp,True,False,1,False,,,False,contract event: schema_changes only
contracts_BalancerV2_Vault_events,models/contracts/BalancerV2/schema.yml,contracts,,tier3,event_grain,,True,False,1,False,,,False,contract event: schema_changes only
contracts_BalancerV3_Vault_events,models/contracts/BalancerV3/schema.yml,contracts,,tier3,event_grain,,True,False,1,False,,,False,contract event: schema_changes only
contracts_ConditionalTokens_calls,models/contracts/ConditionalTokens/schema.yml,contracts,,tier3,event_grain,block_timestamp,True,False,1,False,,,False,contract event: schema_changes only
contracts_ConditionalTokens_events,models/contracts/ConditionalTokens/schema.yml,contracts,,tier3,event_grain,block_timestamp,True,False,1,False,,,False,contract event: schema_changes only
contracts_FPMMDeterministicFactory_calls,models/contracts/FPMMDeterministicFactory/schema.yml,contracts,,tier3,event_grain,block_timestamp,True,False,1,False,,status,False,contract event: schema_changes only
contracts_FPMMDeterministicFactory_events,models/contracts/FPMMDeterministicFactory/schema.yml,contracts,,tier3,event_grain,block_timestamp,True,False,1,False,,,False,contract event: schema_changes only
contracts_GBCDeposit_calls,models/contracts/GBCDeposit/schema.yml,contracts,,tier3,event_grain,block_timestamp,True,False,1,False,amount,status,False,contract event: schema_changes only
contracts_GBCDeposit_events,models/contracts/GBCDeposit/schema.yml,contracts,,tier3,event_grain,block_timestamp,True,False,1,False,,status,False,contract event: schema_changes only
contracts_OmenAgentResultMapping_calls,models/contracts/OmenAgentResultMapping/schema.yml,contracts,,tier3,event_grain,block_timestamp,True,False,1,False,gas_used,,False,contract event: schema_changes only
contracts_OmenAgentResultMapping_events,models/contracts/OmenAgentResultMapping/schema.yml,contracts,,tier3,event_grain,block_timestamp,True,False,1,False,,,False,contract event: schema_changes only
contracts_Realitio_v2_1_calls,models/contracts/Realitio_v2_1/schema.yml,contracts,,tier3,event_grain,block_timestamp,True,False,1,False,gas_used,,False,contract event: schema_changes only
contracts_Realitio_v2_1_events,models/contracts/Realitio_v2_1/schema.yml,contracts,,tier3,event_grain,block_timestamp,True,False,1,False,,status,False,contract event: schema_changes only
contracts_Seer_MarketFactory_calls,models/contracts/SeerPM/schema.yml,contracts,,tier3,event_grain,block_timestamp,True,False,1,False,,,False,contract event: schema_changes only
contracts_Seer_MarketFactory_events,models/contracts/SeerPM/schema.yml,contracts,,tier3,event_grain,block_timestamp,True,False,1,False,,,False,contract event: schema_changes only
contracts_Seer_Wrapped1155Factory_calls,models/contracts/SeerPM/schema.yml,contracts,,tier3,event_grain,block_timestamp,True,False,1,False,gas_used,,False,contract event: schema_changes only
contracts_Seer_Wrapped1155Factory_events,models/contracts/SeerPM/schema.yml,contracts,,tier3,event_grain,block_timestamp,True,False,1,False,,,False,contract event: schema_changes only
contracts_Swapr_v3_AlgebraFactory_calls,models/contracts/Swapr/schema.yml,contracts,,tier3,event_grain,block_timestamp,True,False,1,False,,,False,contract event: schema_changes only
contracts_Swapr_v3_AlgebraFactory_events,models/contracts/Swapr/schema.yml,contracts,,tier3,event_grain,block_timestamp,True,False,1,False,,,False,contract event: schema_changes only
contracts_Swapr_v3_AlgebraPool_calls,models/contracts/Swapr/schema.yml,contracts,,tier3,event_grain,block_timestamp,True,False,1,False,,status,False,contract event: schema_changes only
contracts_Swapr_v3_AlgebraPool_events,models/contracts/Swapr/schema.yml,contracts,,tier3,event_grain,block_timestamp,True,False,1,False,,,False,contract event: schema_changes only
contracts_UniswapV3_Factory_events,models/contracts/UniswapV3/schema.yml,contracts,,tier3,event_grain,,True,False,1,False,,,False,contract event: schema_changes only
contracts_UniswapV3_Pool_events,models/contracts/UniswapV3/schema.yml,contracts,,tier3,event_grain,,True,False,1,False,,,False,contract event: schema_changes only
contracts_aaveV3_PoolConfigurator_events,models/contracts/aave/schema.yml,contracts,,tier3,event_grain,block_timestamp,True,False,1,False,,,False,contract event: schema_changes only
contracts_aaveV3_PoolInstance_events,models/contracts/aave/schema.yml,contracts,,tier3,event_grain,block_timestamp,True,False,1,False,,,False,contract event: schema_changes only
contracts_agave_LendingPool_events,models/contracts/agave/schema.yml,contracts,,tier3,event_grain,block_timestamp,True,False,1,False,,,False,contract event: schema_changes only
contracts_backedfi_TSLAx_Oracle_events,models/contracts/backedfi/schema.yml,contracts,,tier3,event_grain,block_timestamp,True,False,1,False,,,False,contract event: schema_changes only
contracts_backedfi_bC3M_Oracle_events,models/contracts/backedfi/schema.yml,contracts,,tier3,event_grain,block_timestamp,True,False,1,False,,,False,contract event: schema_changes only
contracts_backedfi_bCOIN_Oracle_events,models/contracts/backedfi/schema.yml,contracts,,tier3,event_grain,block_timestamp,True,False,1,False,,,False,contract event: schema_changes only
contracts_backedfi_bCSPX_Oracle_events,models/contracts/backedfi/schema.yml,contracts,,tier3,event_grain,block_timestamp,True,False,1,False,gas_used,,False,contract event: schema_changes only
contracts_backedfi_bHIGH_Oracle_events,models/contracts/backedfi/schema.yml,contracts,,tier3,event_grain,block_timestamp,True,False,1,False,gas_used,,False,contract event: schema_changes only
contracts_backedfi_bIB01_Oracle_events,models/contracts/backedfi/schema.yml,contracts,,tier3,event_grain,block_timestamp,True,False,1,False,,status,False,contract event: schema_changes only
contracts_backedfi_bIBTA_Oracle_events,models/contracts/backedfi/schema.yml,contracts,,tier3,event_grain,block_timestamp,True,False,1,False,gas_used,status,False,contract event: schema_changes only
contracts_backedfi_bMSTR_Oracle_events,models/contracts/backedfi/schema.yml,contracts,,tier3,event_grain,block_timestamp,True,False,1,False,,,False,contract event: schema_changes only
contracts_backedfi_bNVDA_Oracle_events,models/contracts/backedfi/schema.yml,contracts,,tier3,event_grain,block_timestamp,True,False,1,False,,status,False,contract event: schema_changes only
contracts_circles_v1_Hub_events,models/contracts/Circles/schema.yml,contracts,,tier3,event_grain,block_timestamp,True,False,1,False,,,False,contract event: schema_changes only
contracts_circles_v2_CirclesBackingFactory_events,models/contracts/Circles/schema.yml,contracts,,tier3,event_grain,block_timestamp,True,False,1,False,,,False,contract event: schema_changes only
contracts_circles_v2_Hub_events,models/contracts/Circles/schema.yml,contracts,,tier3,event_grain,block_timestamp,True,False,1,False,,,False,contract event: schema_changes only
contracts_circles_v2_NameRegistry_events,models/contracts/Circles/schema.yml,contracts,,tier3,event_grain,,True,False,1,False,,,False,contract event: schema_changes only
contracts_sdai_events,models/contracts/tokens/schema.yml,contracts,,tier3,event_grain,block_timestamp,True,False,1,False,,,False,contract event: schema_changes only
contracts_spark_Pool_events,models/contracts/spark/schema.yml,contracts,,tier3,event_grain,block_timestamp,True,False,1,False,,,False,contract event: schema_changes only
contracts_wxdai_calls,models/contracts/tokens/schema.yml,contracts,,tier3,event_grain,block_timestamp,True,False,1,False,gas_used,status,False,contract event: schema_changes only
contracts_wxdai_events,models/contracts/tokens/schema.yml,contracts,,tier3,event_grain,block_timestamp,True,False,1,False,,,False,contract event: schema_changes only
api_execution_blocks_clients_cnt_daily,models/execution/blocks/marts/schema.yml,execution,,tier0,daily,date,False,False,1,True,value,client,True,
api_execution_blocks_clients_pct_daily,models/execution/blocks/marts/schema.yml,execution,,tier0,daily,date,False,False,1,True,value,client,True,
api_execution_blocks_gas_usage_pct_daily,models/execution/blocks/marts/schema.yml,execution,,tier0,daily,date,False,True,1,True,value,,True,
api_execution_blocks_gas_usage_pct_monthly,models/execution/blocks/marts/schema.yml,execution,,tier1,monthly,date,False,False,1,False,value,,True,
api_execution_circles_avatars,models/execution/Circles/marts/schema.yml,execution,,tier1,non_timeseries,date,False,False,1,False,cnt|total,,True,
api_execution_circles_backers_cnt_latest,models/execution/Circles/marts/schema.yml,execution,,tier1,latest_snapshot,,False,False,1,False,total,,True,
api_execution_circles_groups_cnt_latest,models/execution/Circles/marts/schema.yml,execution,,tier1,latest_snapshot,,False,False,1,False,total,,True,
api_execution_circles_humans_cnt_latest,models/execution/Circles/marts/schema.yml,execution,,tier1,latest_snapshot,,False,False,1,False,total,,True,
api_execution_circles_orgs_cnt_latest,models/execution/Circles/marts/schema.yml,execution,,tier1,latest_snapshot,,False,False,1,False,total,,True,
api_execution_gpay_active_users_7d,models/execution/gpay/marts/schema.yml,execution,,tier1,latest_snapshot,,False,False,1,False,value,,True,
api_execution_gpay_active_users_weekly,models/execution/gpay/marts/schema.yml,execution,,tier1,weekly,date,False,False,1,True,value,,True,
api_execution_gpay_activity_by_action_daily,models/execution/gpay/marts/schema.yml,execution,,tier1,daily,date,False,False,1,True,,,True,
api_execution_gpay_activity_by_action_monthly,models/execution/gpay/marts/schema.yml,execution,,tier1,monthly,month,False,False,1,False,,,True,
api_execution_gpay_activity_by_action_weekly,models/execution/gpay/marts/schema.yml,execution,,tier1,weekly,week,False,False,1,True,,,True,
api_execution_gpay_balance_cohorts_holders_daily,models/execution/gpay/marts/schema.yml,execution,,tier1,daily,date,False,False,1,True,value,label,True,
api_execution_gpay_balance_cohorts_value_daily,models/execution/gpay/marts/schema.yml,execution,,tier1,daily,date,False,False,1,True,,label,True,
api_execution_gpay_balances_by_token_daily,models/execution/gpay/marts/schema.yml,execution,,tier1,daily,date,False,False,1,True,value,label,True,
api_execution_gpay_balances_native_daily,models/execution/gpay/marts/schema.yml,execution,,tier1,daily,date,False,False,1,True,value,label,True,
api_execution_gpay_balances_usd_daily,models/execution/gpay/marts/schema.yml,execution,,tier1,daily,date,False,False,1,True,value,label,True,
api_execution_gpay_cashback_7d,models/execution/gpay/marts/schema.yml,execution,,tier1,latest_snapshot,,False,False,1,False,value,,True,
api_execution_gpay_cashback_cohort_retention_monthly,models/execution/gpay/marts/schema.yml,execution,,tier1,monthly,,False,False,1,False,,,True,
api_execution_gpay_cashback_cohort_retention_users_monthly,models/execution/gpay/marts/schema.yml,execution,,tier1,monthly,date,False,False,1,False,value,label,True,
api_execution_gpay_cashback_cumulative,models/execution/gpay/marts/schema.yml,execution,,tier1,latest_snapshot,date,False,False,1,False,value,,True,
api_execution_gpay_cashback_dist_weekly,models/execution/gpay/marts/schema.yml,execution,,tier1,weekly,date,False,False,1,True,,,True,
api_execution_gpay_cashback_impact_monthly,models/execution/gpay/marts/schema.yml,execution,,tier1,monthly,month,False,False,1,False,,,True,
api_execution_gpay_cashback_recipients_7d,models/execution/gpay/marts/schema.yml,execution,,tier1,latest_snapshot,,False,False,1,False,value,,True,
api_execution_gpay_cashback_recipients_total,models/execution/gpay/marts/schema.yml,execution,,tier1,latest_snapshot,,False,False,1,False,value,,True,
api_execution_gpay_cashback_recipients_weekly,models/execution/gpay/marts/schema.yml,execution,,tier1,weekly,date,False,False,1,True,value,,True,
api_execution_gpay_cashback_total,models/execution/gpay/marts/schema.yml,execution,,tier1,latest_snapshot,,False,False,1,False,value,,True,
api_execution_gpay_cashback_weekly,models/execution/gpay/marts/schema.yml,execution,,tier1,weekly,date,False,False,1,True,value,,True,
api_execution_gpay_churn_monthly,models/execution/gpay/marts/schema.yml,execution,,tier1,monthly,month,False,False,1,False,total_active,,True,
api_execution_gpay_churn_rates_monthly,models/execution/gpay/marts/schema.yml,execution,,tier1,monthly,month,False,False,1,False,,,True,
api_execution_gpay_flows_snapshot,models/execution/gpay/marts/schema.yml,execution,,tier1,latest_snapshot,,False,False,1,False,,symbol,True,
api_execution_gpay_funded_addresses_daily,models/execution/gpay/marts/schema.yml,execution,,tier1,daily,date,False,False,1,True,value,,True,
api_execution_gpay_funded_addresses_monthly,models/execution/gpay/marts/schema.yml,execution,,tier1,monthly,date,False,False,1,False,value,,True,
api_execution_gpay_funded_addresses_weekly,models/execution/gpay/marts/schema.yml,execution,,tier1,weekly,date,False,False,1,True,value,,True,
api_execution_gpay_gno_balance_daily,models/execution/gpay/marts/schema.yml,execution,,tier1,daily,date,False,False,1,True,value,,True,
api_execution_gpay_gno_total_balance,models/execution/gpay/marts/schema.yml,execution,,tier1,latest_snapshot,,False,False,1,False,value,,True,
api_execution_gpay_kpi_monthly,models/execution/gpay/marts/schema.yml,execution,,tier1,monthly,month,False,False,1,False,total_payment_volume_usd|total_payment_count|total_deposit_volume_usd|total_withdrawal_volume_usd,,True,
api_execution_gpay_owner_balances_by_token_daily,models/execution/gpay/marts/schema.yml,execution,,tier1,daily,date,False,False,1,True,value,label,True,
api_execution_gpay_owner_total_balance,models/execution/gpay/marts/schema.yml,execution,,tier1,latest_snapshot,,False,False,1,False,value,,True,
api_execution_gpay_payments_7d,models/execution/gpay/marts/schema.yml,execution,,tier1,latest_snapshot,,False,False,1,False,value,,True,
api_execution_gpay_payments_by_token_daily,models/execution/gpay/marts/schema.yml,execution,,tier1,daily,date,False,False,1,True,value,label,True,
api_execution_gpay_payments_by_token_monthly,models/execution/gpay/marts/schema.yml,execution,,tier1,monthly,date,False,False,1,False,value,label,True,
api_execution_gpay_payments_by_token_weekly,models/execution/gpay/marts/schema.yml,execution,,tier1,weekly,date,False,False,1,True,value,label,True,
api_execution_gpay_payments_hourly,models/execution/gpay/marts/schema.yml,execution,,tier1,hourly,date,False,False,1,True,value,label,True,
api_execution_gpay_retention_by_action_monthly,models/execution/gpay/marts/schema.yml,execution,,tier1,monthly,,False,False,1,False,,,True,
api_execution_gpay_retention_by_action_users_monthly,models/execution/gpay/marts/schema.yml,execution,,tier1,monthly,date,False,False,1,False,value,label,True,
api_execution_gpay_retention_monthly,models/execution/gpay/marts/schema.yml,execution,,tier1,monthly,date,False,False,1,False,value,label,True,
api_execution_gpay_retention_pct_monthly,models/execution/gpay/marts/schema.yml,execution,,tier1,monthly,,False,False,1,False,,,True,
api_execution_gpay_retention_volume_monthly,models/execution/gpay/marts/schema.yml,execution,,tier1,monthly,date,False,False,1,False,value,label,True,
api_execution_gpay_total_balance,models/execution/gpay/marts/schema.yml,execution,,tier1,latest_snapshot,,False,False,1,False,value,,True,
api_execution_gpay_total_funded,models/execution/gpay/marts/schema.yml,execution,,tier1,latest_snapshot,,False,False,1,False,value,,True,
api_execution_gpay_total_payments,models/execution/gpay/marts/schema.yml,execution,,tier1,latest_snapshot,,False,False,1,False,value,,True,
api_execution_gpay_total_volume,models/execution/gpay/marts/schema.yml,execution,,tier1,latest_snapshot,,False,False,1,False,value,,True,
api_execution_gpay_user_activity,models/execution/gpay/marts/schema.yml,execution,,tier1,non_timeseries,date,False,False,1,False,amount,symbol,True,
api_execution_gpay_user_balances_daily,models/execution/gpay/marts/schema.yml,execution,,tier1,daily,date,False,False,1,True,,label,True,
api_execution_gpay_user_cashback_daily,models/execution/gpay/marts/schema.yml,execution,,tier1,daily,date,False,False,1,True,value,,True,
api_execution_gpay_user_lifetime_metrics,models/execution/gpay/marts/schema.yml,execution,,tier1,non_timeseries,,False,False,1,False,active_months|total_payment_volume_usd|total_payment_count|total_deposit_volume_usd|total_withdrawal_volume_usd|total_cashback_usd|total_cashback_gno|total_refund_usd|total_refund_count,,True,
api_execution_gpay_user_payments_daily,models/execution/gpay/marts/schema.yml,execution,,tier1,daily,date,False,False,1,True,value,label,True,
api_execution_gpay_user_total_cashback,models/execution/gpay/marts/schema.yml,execution,,tier1,latest_snapshot,,False,False,1,False,value,,True,
api_execution_gpay_user_total_payments,models/execution/gpay/marts/schema.yml,execution,,tier1,latest_snapshot,,False,False,1,False,value,,True,
api_execution_gpay_user_total_volume,models/execution/gpay/marts/schema.yml,execution,,tier1,latest_snapshot,,False,False,1,False,value,,True,
api_execution_gpay_volume_7d,models/execution/gpay/marts/schema.yml,execution,,tier1,latest_snapshot,,False,False,1,False,value,,True,
api_execution_gpay_volume_payments_by_token_daily,models/execution/gpay/marts/schema.yml,execution,,tier1,daily,date,False,False,1,True,value,label,True,
api_execution_gpay_volume_payments_by_token_monthly,models/execution/gpay/marts/schema.yml,execution,,tier1,monthly,date,False,False,1,False,value,label,True,
api_execution_gpay_volume_payments_by_token_weekly,models/execution/gpay/marts/schema.yml,execution,,tier1,weekly,date,False,False,1,True,value,label,True,
api_execution_gpay_wallet_balance_composition,models/execution/gpay/marts/schema.yml,execution,,tier1,non_timeseries,,False,False,1,False,value,,True,
api_execution_rwa_backedfi_prices_daily,models/execution/rwa/marts/schema.yml,execution,,tier1,daily,date,False,False,1,True,,,True,
api_execution_state_full_size_daily,models/execution/state/marts/schema.yml,execution,,tier1,daily,date,False,False,1,True,value,,True,
api_execution_tokens_active_senders_daily,models/execution/tokens/marts/schema.yml,execution,,tier1,daily,date,False,False,1,True,value,token_class,True,
api_execution_tokens_balance_cohorts_holders_daily,models/execution/tokens/marts/schema.yml,execution,,tier1,daily,date,False,False,1,True,value,label,True,
api_execution_tokens_balance_cohorts_value_daily,models/execution/tokens/marts/schema.yml,execution,,tier1,daily,date,False,False,1,True,,label,True,
api_execution_tokens_holders_daily,models/execution/tokens/marts/schema.yml,execution,,tier1,daily,date,False,False,1,True,value,token_class,True,
api_execution_tokens_holders_latest_by_token,models/execution/tokens/marts/schema.yml,execution,,tier1,latest_snapshot,,False,False,1,False,value,,True,
api_execution_tokens_supply_daily,models/execution/tokens/marts/schema.yml,execution,,tier1,daily,date,False,False,1,True,value,token_class,True,
api_execution_tokens_supply_latest_by_token,models/execution/tokens/marts/schema.yml,execution,,tier1,latest_snapshot,,False,False,1,False,value,,True,
api_execution_tokens_volume_daily,models/execution/tokens/marts/schema.yml,execution,,tier1,daily,date,False,False,1,True,,token_class,True,
api_execution_transactions_7d,models/execution/transactions/marts/schema.yml,execution,,tier1,latest_snapshot,,False,False,1,False,value,,True,
api_execution_transactions_active_accounts_7d,models/execution/transactions/marts/schema.yml,execution,,tier1,latest_snapshot,,False,False,1,False,value,,True,
api_execution_transactions_active_accounts_by_project_monthly_top5,models/execution/transactions/marts/schema.yml,execution,,tier1,latest_snapshot,date,False,False,1,False,value,label,True,
api_execution_transactions_active_accounts_by_project_ranges_top20,models/execution/transactions/marts/schema.yml,execution,,tier1,latest_snapshot,,False,False,1,False,value,label,True,
api_execution_transactions_active_accounts_by_project_total,models/execution/transactions/marts/schema.yml,execution,,tier1,latest_snapshot,,False,False,1,False,value,label,True,
api_execution_transactions_active_accounts_by_sector_daily,models/execution/transactions/marts/schema.yml,execution,,tier0,daily,date,False,False,1,True,value,label,True,
api_execution_transactions_active_accounts_by_sector_hourly,models/execution/transactions/marts/schema.yml,execution,,tier0,hourly,date,False,False,1,True,value,label,True,
api_execution_transactions_active_accounts_by_sector_weekly,models/execution/transactions/marts/schema.yml,execution,,tier1,weekly,date,False,False,1,True,value,label,True,
api_execution_transactions_active_accounts_total,models/execution/transactions/marts/schema.yml,execution,,tier1,latest_snapshot,,False,False,1,False,value,,True,
api_execution_transactions_by_project_monthly_top5,models/execution/transactions/marts/schema.yml,execution,,tier1,latest_snapshot,date,False,False,1,False,value,label,True,
api_execution_transactions_by_project_ranges_top20,models/execution/transactions/marts/schema.yml,execution,,tier1,latest_snapshot,,False,False,1,False,value,label,True,
api_execution_transactions_by_project_total,models/execution/transactions/marts/schema.yml,execution,,tier1,latest_snapshot,,False,False,1,False,value,label,True,
api_execution_transactions_by_sector_daily,models/execution/transactions/marts/schema.yml,execution,,tier0,daily,date,False,False,1,True,value,label,True,
api_execution_transactions_by_sector_hourly,models/execution/transactions/marts/schema.yml,execution,,tier0,hourly,date,False,False,1,True,value,label,True,
api_execution_transactions_by_sector_weekly,models/execution/transactions/marts/schema.yml,execution,,tier1,weekly,date,False,False,1,True,value,label,True,
api_execution_transactions_cnt_daily,models/execution/transactions/marts/schema.yml,execution,,tier0,daily,date,False,True,1,True,value,transaction_type,True,
api_execution_transactions_cnt_total,models/execution/transactions/marts/schema.yml,execution,,tier1,latest_snapshot,,False,False,1,False,value,transaction_type,True,
api_execution_transactions_fees_native_7d,models/execution/transactions/marts/schema.yml,execution,,tier1,latest_snapshot,,False,False,1,False,value,,True,
api_execution_transactions_fees_native_by_project_monthly_top5,models/execution/transactions/marts/schema.yml,execution,,tier1,latest_snapshot,date,False,False,1,False,value,label,True,
api_execution_transactions_fees_native_by_project_ranges_top20,models/execution/transactions/marts/schema.yml,execution,,tier1,latest_snapshot,,False,False,1,False,value,label,True,
api_execution_transactions_fees_native_by_project_total,models/execution/transactions/marts/schema.yml,execution,,tier1,latest_snapshot,,False,False,1,False,value,label,True,
api_execution_transactions_fees_native_by_sector_daily,models/execution/transactions/marts/schema.yml,execution,,tier0,daily,date,False,False,1,True,value,label,True,
api_execution_transactions_fees_native_by_sector_hourly,models/execution/transactions/marts/schema.yml,execution,,tier0,hourly,date,False,False,1,True,value,label,True,
api_execution_transactions_fees_native_by_sector_weekly,models/execution/transactions/marts/schema.yml,execution,,tier1,weekly,date,False,False,1,True,value,label,True,
api_execution_transactions_fees_native_total,models/execution/transactions/marts/schema.yml,execution,,tier1,latest_snapshot,,False,False,1,False,value,,True,
api_execution_transactions_gas_share_by_project_daily,models/execution/transactions/marts/schema.yml,execution,,tier0,daily,date,False,False,1,True,value,label,True,
api_execution_transactions_gas_used_daily,models/execution/transactions/marts/schema.yml,execution,,tier0,daily,date,False,False,1,True,gas_used,transaction_type,True,
api_execution_transactions_gas_used_weekly,models/execution/transactions/marts/schema.yml,execution,,tier1,weekly,date,False,False,1,True,value,label,True,
api_execution_transactions_total,models/execution/transactions/marts/schema.yml,execution,,tier1,latest_snapshot,,False,False,1,False,value,,True,
api_execution_transactions_value_daily,models/execution/transactions/marts/schema.yml,execution,,tier0,daily,date,False,False,1,True,,transaction_type,True,
api_execution_yields_pools_fee_apr_30d_daily,models/execution/yields/marts/schema.yml,execution,,tier1,daily,date,False,False,1,True,value,label,True,
api_execution_yields_pools_tvl_daily,models/execution/yields/marts/schema.yml,execution,,tier1,daily,date,False,False,1,True,value,label,True,
fct_execution_blocks_clients_daily,models/execution/blocks/marts/schema.yml,execution,,tier0,daily,date,False,False,1,True,cnt,client,True,
fct_execution_blocks_gas_usage_monthly,models/execution/blocks/marts/schema.yml,execution,,tier1,monthly,month,False,False,1,False,,,True,
fct_execution_circles_avatars,models/execution/Circles/marts/schema.yml,execution,,tier1,non_timeseries,date,False,False,1,False,cnt|total,,True,
fct_execution_circles_backing,models/execution/Circles/marts/schema.yml,execution,,tier1,non_timeseries,date,False,False,1,False,cnt|total,,True,
fct_execution_gpay_actions_by_token_daily,models/execution/gpay/marts/schema.yml,execution,,tier1,daily,date,False,False,1,True,volume,,True,
fct_execution_gpay_actions_by_token_monthly,models/execution/gpay/marts/schema.yml,execution,,tier1,monthly,month,False,False,1,False,volume,,True,
fct_execution_gpay_actions_by_token_weekly,models/execution/gpay/marts/schema.yml,execution,,tier1,weekly,week,False,False,1,True,volume,,True,
fct_execution_gpay_activity_daily,models/execution/gpay/marts/schema.yml,execution,,tier1,daily,date,False,False,1,True,active_users|total_payments|total_volume_usd,,True,
fct_execution_gpay_activity_monthly,models/execution/gpay/marts/schema.yml,execution,,tier1,monthly,month,False,False,1,False,active_users|total_payments|total_volume_usd,,True,
fct_execution_gpay_activity_weekly,models/execution/gpay/marts/schema.yml,execution,,tier1,weekly,week,False,False,1,True,active_users|total_payments|total_volume_usd,,True,
fct_execution_gpay_balance_cohorts_daily,models/execution/gpay/marts/schema.yml,execution,,tier1,daily,date,False,False,1,True,holders,symbol,True,
fct_execution_gpay_balances_by_token_daily,models/execution/gpay/marts/schema.yml,execution,,tier1,daily,date,False,False,1,True,balance,symbol,True,
fct_execution_gpay_cashback_cohort_retention_monthly,models/execution/gpay/marts/schema.yml,execution,,tier1,monthly,,False,False,1,False,,,True,
fct_execution_gpay_cashback_dist_weekly,models/execution/gpay/marts/schema.yml,execution,,tier1,weekly,week,False,False,1,True,,,True,
fct_execution_gpay_cashback_impact_monthly,models/execution/gpay/marts/schema.yml,execution,,tier1,monthly,month,False,False,1,False,,,True,
fct_execution_gpay_cashback_recipients_weekly,models/execution/gpay/marts/schema.yml,execution,,tier1,weekly,week,False,False,1,True,,,True,
fct_execution_gpay_churn_monthly,models/execution/gpay/marts/schema.yml,execution,,tier1,monthly,month,False,False,1,False,total_active,,True,
fct_execution_gpay_flows_snapshot,models/execution/gpay/marts/schema.yml,execution,,tier1,latest_snapshot,,False,False,1,False,,symbol,True,
fct_execution_gpay_kpi_monthly,models/execution/gpay/marts/schema.yml,execution,,tier1,monthly,month,False,False,1,False,total_payment_volume_usd|total_payment_count|total_deposit_volume_usd|total_withdrawal_volume_usd,,True,
fct_execution_gpay_owner_balances_by_token_daily,models/execution/gpay/marts/schema.yml,execution,,tier1,daily,date,False,False,1,True,balance,symbol,True,
fct_execution_gpay_payments_hourly,models/execution/gpay/marts/schema.yml,execution,,tier1,hourly,hour,False,False,1,True,,symbol,True,
fct_execution_gpay_retention_by_action_monthly,models/execution/gpay/marts/schema.yml,execution,,tier1,monthly,,False,False,1,False,,,True,
fct_execution_gpay_retention_monthly,models/execution/gpay/marts/schema.yml,execution,,tier1,monthly,,False,False,1,False,,,True,
fct_execution_gpay_snapshots,models/execution/gpay/marts/schema.yml,execution,,tier1,latest_snapshot,,False,False,1,False,value,label,True,
fct_execution_gpay_user_lifetime_metrics,models/execution/gpay/marts/schema.yml,execution,,tier1,non_timeseries,,False,False,1,False,active_months|total_payment_volume_usd|total_payment_count|total_deposit_volume_usd|total_withdrawal_volume_usd|total_cashback_usd|total_cashback_gno|total_refund_usd|total_refund_count,,True,
fct_execution_rwa_backedfi_prices_daily,models/execution/rwa/marts/schema.yml,execution,,tier1,daily,date,False,False,1,True,,,True,
fct_execution_state_full_size_daily,models/execution/state/marts/schema.yml,execution,,tier1,daily,date,False,False,1,True,,,True,
fct_execution_transactions_by_project_monthly_top5,models/execution/transactions/marts/schema.yml,execution,,tier1,latest_snapshot,date,True,False,1,False,txs|fee_native|gas_used|active_state|value,project|label,True,
fct_execution_transactions_by_project_snapshots,models/execution/transactions/marts/schema.yml,execution,,tier1,latest_snapshot,,False,False,1,False,value,label,True,
fct_execution_transactions_by_sector_daily,models/execution/transactions/marts/schema.yml,execution,,tier0,daily,date,True,False,1,False,active_accounts|txs|fee_native_sum,sector,True,full_refresh: skip volume/freshness anomalies
fct_execution_transactions_by_sector_weekly,models/execution/transactions/marts/schema.yml,execution,,tier1,weekly,week,True,False,1,False,active_accounts|txs|fee_native_sum,sector,True,full_refresh: skip volume/freshness anomalies
fct_execution_transactions_snapshots,models/execution/transactions/marts/schema.yml,execution,,tier1,latest_snapshot,,False,False,1,False,value,label,True,
fct_execution_yields_pools_daily,models/execution/yields/marts/schema.yml,execution,,tier1,daily,date,False,False,1,True,fee_apr_30d,,True,
fct_yields_sdai_apy_daily,models/execution/yields/marts/schema.yml,execution,,tier1,daily,date,False,False,1,True,,label,True,
int_GBCDeposit_deposists_daily,models/execution/GBCDeposit/intermediate/schema.yml,execution,,tier2,daily,date,False,False,1,True,amount,,True,
int_execution_blocks_clients_version_daily,models/execution/blocks/intermediate/schema.yml,execution,,tier0,daily,date,False,False,1,True,cnt,client|version,True,
int_execution_blocks_gas_usage_daily,models/execution/blocks/intermediate/schema.yml,execution,,tier0,daily,date,False,False,1,True,,,True,
int_execution_circles_backing,models/execution/Circles/intermediate/schema.yml,execution,,tier2,non_timeseries,date,False,False,1,False,cnt,,True,
int_execution_circles_transitive_transfers,models/execution/Circles/intermediate/schema.yml,execution,,tier2,non_timeseries,date,False,False,1,False,total_amount|cnt,,True,
int_execution_circles_v1_avatars,models/execution/Circles/intermediate/schema.yml,execution,,tier2,non_timeseries,block_timestamp,False,False,1,False,,,True,
int_execution_circles_v2_avatars,models/execution/Circles/intermediate/schema.yml,execution,,tier2,non_timeseries,date,False,False,1,False,cnt,,True,
int_execution_gpay_activity,models/execution/gpay/intermediate/schema.yml,execution,,tier2,non_timeseries,date,True,False,1,False,amount,symbol,True,
int_execution_gpay_activity_daily,models/execution/gpay/intermediate/schema.yml,execution,,tier2,daily,date,False,False,1,True,amount,symbol,True,
int_execution_gpay_balances_daily,models/execution/gpay/intermediate/schema.yml,execution,,tier2,daily,date,False,False,1,True,balance,symbol,True,
int_execution_gpay_wallet_owners,models/execution/gpay/intermediate/schema.yml,execution,,tier2,non_timeseries,block_timestamp,False,False,1,False,,,True,
int_execution_rwa_backedfi_prices,models/execution/rwa/intermediate/schema.yml,execution,,tier2,non_timeseries,date,False,False,1,False,,,True,
int_execution_state_size_full_diff_daily,models/execution/state/intermediate/schema.yml,execution,,tier2,daily,date,False,False,1,True,,,True,
int_execution_token_prices_daily,models/execution/prices/intermediate/schema.yml,execution,,tier2,daily,date,False,False,1,True,,symbol,True,
int_execution_tokens_address_diffs_daily,models/execution/tokens/intermediate/schema.yml,execution,,tier2,daily,date,True,False,1,False,,symbol|token_class,True,full_refresh: skip volume/freshness anomalies
int_execution_tokens_balance_cohorts_daily,models/execution/tokens/intermediate/schema.yml,execution,,tier2,daily,date,True,False,1,False,,symbol|token_class,True,full_refresh: skip volume/freshness anomalies
int_execution_tokens_balances_by_sector_daily,models/execution/tokens/intermediate/schema.yml,execution,,tier2,daily,date,True,False,1,False,supply,symbol|token_class|sector,True,full_refresh: skip volume/freshness anomalies
int_execution_tokens_balances_daily,models/execution/tokens/intermediate/schema.yml,execution,,tier2,daily,date,True,False,1,False,,symbol|token_class,True,full_refresh: skip volume/freshness anomalies
int_execution_tokens_supply_holders_daily,models/execution/tokens/intermediate/schema.yml,execution,,tier2,daily,date,True,False,1,False,supply|holders,symbol|token_class,True,full_refresh: skip volume/freshness anomalies
int_execution_tokens_transfers_daily,models/execution/tokens/intermediate/schema.yml,execution,,tier2,daily,date,True,False,1,False,active_senders,symbol|token_class,True,full_refresh: skip volume/freshness anomalies
int_execution_transactions_by_project_alltime_state,models/execution/transactions/intermediate/schema.yml,execution,,tier2,latest_snapshot,month,False,False,1,False,fee_state,project,True,
int_execution_transactions_by_project_daily,models/execution/transactions/intermediate/schema.yml,execution,,tier0,daily,date,True,False,1,False,fee_native_sum,project|sector,True,full_refresh: skip volume/freshness anomalies
int_execution_transactions_by_project_hourly_recent,models/execution/transactions/intermediate/schema.yml,execution,,tier0,hourly,hour,False,False,1,True,active_accounts|fee_native_sum,project|sector,True,
int_execution_transactions_cumulative_daily,models/execution/transactions/intermediate/schema.yml,execution,,tier0,daily,date,False,False,1,True,,,True,
int_execution_transactions_daily_active_addresses,models/execution/transactions/intermediate/schema.yml,execution,,tier0,daily,date,True,False,1,False,,,True,full_refresh: skip volume/freshness anomalies
int_execution_transactions_info_daily,models/execution/transactions/intermediate/schema.yml,execution,,tier0,daily,date,False,False,1,True,gas_used|n_txs|fee_native_sum|fee_usd_sum,transaction_type,True,
int_execution_transactions_unique_addresses,models/execution/transactions/intermediate/schema.yml,execution,,tier2,non_timeseries,,True,False,1,False,,,True,
int_execution_transfers_whitelisted_daily,models/execution/transfers/intermediate/schema.yml,execution,,tier2,daily,date,True,False,1,False,amount,symbol,True,full_refresh: skip volume/freshness anomalies
int_execution_transfers_whitelisted_raw,models/execution/transfers/intermediate/schema.yml,execution,,tier2,non_timeseries,block_timestamp,False,False,1,False,amount,symbol,True,
int_execution_yields_pools_fees_daily,models/execution/yields/intermediate/schema.yml,execution,,tier2,daily,date,False,False,1,True,fee_amount,,True,
int_yields_sdai_rate_daily,models/execution/yields/intermediate/schema.yml,execution,,tier2,daily,date,False,False,1,True,,,True,
stg_execution__storage_diffs,models/execution/state/staging/schema.yml,execution,,tier3,staging,block_timestamp,False,False,1,False,,,False,
stg_gpay__wallets,models/execution/gpay/staging/schema.yml,execution,,tier3,staging,,False,False,1,False,,,False,
api_consensus_attestations_daily,models/consensus/marts/schema.yml,consensus,,tier1,daily,date,False,False,2,True,cnt,,True,
api_consensus_blob_commitments_daily,models/consensus/marts/schema.yml,consensus,,tier1,daily,date,False,False,2,True,value,,True,
api_consensus_blocks_daily,models/consensus/marts/schema.yml,consensus,,tier1,daily,date,False,True,2,True,value,label,True,
api_consensus_credentials_daily,models/consensus/marts/schema.yml,consensus,,tier1,daily,date,False,False,2,True,cnt|pct,credentials_type,True,
api_consensus_credentials_latest,models/consensus/marts/schema.yml,consensus,,tier1,latest_snapshot,,False,False,2,False,cnt,credentials_type,True,
api_consensus_deposits_withdrawls_cnt_daily,models/consensus/marts/schema.yml,consensus,,tier1,daily,date,False,False,2,True,value,label,True,
api_consensus_deposits_withdrawls_volume_daily,models/consensus/marts/schema.yml,consensus,,tier1,daily,date,False,False,2,True,value,label,True,
api_consensus_entry_queue_daily,models/consensus/marts/schema.yml,consensus,,tier1,daily,date,False,False,2,True,,,True,
api_consensus_forks,models/consensus/marts/schema.yml,consensus,,tier1,non_timeseries,,False,False,2,False,,,True,
api_consensus_graffiti_cloud,models/consensus/marts/schema.yml,consensus,,tier1,non_timeseries,,False,False,2,False,value,label,True,
api_consensus_graffiti_label_daily,models/consensus/marts/schema.yml,consensus,,tier1,daily,date,False,False,2,True,value,label,True,
api_consensus_info_active_ongoing_latest,models/consensus/marts/schema.yml,consensus,,tier1,latest_snapshot,,False,False,2,False,value,,True,
api_consensus_info_apy_latest,models/consensus/marts/schema.yml,consensus,,tier1,latest_snapshot,,False,False,2,False,value,,True,
api_consensus_info_deposits_cnt_latest,models/consensus/marts/schema.yml,consensus,,tier1,latest_snapshot,,False,False,2,False,value,,True,
api_consensus_info_staked_latest,models/consensus/marts/schema.yml,consensus,,tier1,latest_snapshot,,False,False,2,False,value,,True,
api_consensus_info_withdrawls_cnt_latest,models/consensus/marts/schema.yml,consensus,,tier1,latest_snapshot,,False,False,2,False,value,,True,
api_consensus_staked_daily,models/consensus/marts/schema.yml,consensus,,tier1,daily,date,False,True,2,True,value,,True,
api_consensus_validators_active_daily,models/consensus/marts/schema.yml,consensus,,tier1,daily,date,False,False,2,True,cnt,,True,
api_consensus_validators_apy_dist_daily,models/consensus/marts/schema.yml,consensus,,tier1,daily,date,False,False,2,True,,,True,
api_consensus_validators_apy_dist_last_30_days,models/consensus/marts/schema.yml,consensus,,tier1,latest_snapshot,date,False,False,2,False,,,True,
api_consensus_validators_balance_dist_last_30_days,models/consensus/marts/schema.yml,consensus,,tier1,latest_snapshot,date,False,False,2,False,,,True,
api_consensus_validators_balances_daily,models/consensus/marts/schema.yml,consensus,,tier1,daily,date,False,False,2,True,value,label,True,
api_consensus_validators_balances_dist_daily,models/consensus/marts/schema.yml,consensus,,tier1,daily,date,False,False,2,True,,,True,
api_consensus_validators_status_daily,models/consensus/marts/schema.yml,consensus,,tier1,daily,date,False,False,2,True,cnt,status,True,
api_consensus_withdrawal_credentials_freq_daily,models/consensus/marts/schema.yml,consensus,,tier1,daily,date,False,False,2,True,value,label,True,
api_consensus_zero_blob_commitments_daily,models/consensus/marts/schema.yml,consensus,,tier1,daily,date,False,False,2,True,value,label,True,
fct_consensus_forks,models/consensus/marts/schema.yml,consensus,,tier1,non_timeseries,,False,False,2,False,,,True,
fct_consensus_graffiti_cloud,models/consensus/marts/schema.yml,consensus,,tier1,non_timeseries,,False,False,2,False,,label,True,
fct_consensus_info_latest,models/consensus/marts/schema.yml,consensus,,tier1,latest_snapshot,,False,False,2,False,cnt|total_amount|value,label,True,
fct_consensus_validators_dists_last_30_days,models/consensus/marts/schema.yml,consensus,,tier1,latest_snapshot,date,False,False,2,False,,,True,
fct_consensus_withdrawal_credentials_freq_daily,models/consensus/marts/schema.yml,consensus,,tier1,daily,date,False,False,2,True,,,True,
int_consensus_attestations_daily,models/consensus/intermediate/schema.yml,consensus,,tier2,daily,date,False,False,2,True,cnt,,True,
int_consensus_blob_commitments_daily,models/consensus/intermediate/schema.yml,consensus,,tier2,daily,date,False,False,2,True,cnt,,True,
int_consensus_blocks_daily,models/consensus/intermediate/schema.yml,consensus,,tier1,daily,date,False,False,2,True,,,True,
int_consensus_credentials_daily,models/consensus/intermediate/schema.yml,consensus,,tier2,daily,date,False,False,2,True,cnt,credentials_type,True,
int_consensus_deposits_withdrawals_daily,models/consensus/intermediate/schema.yml,consensus,,tier2,daily,date,False,False,2,True,amount|cnt,,True,
int_consensus_entry_queue_daily,models/consensus/intermediate/schema.yml,consensus,,tier2,daily,date,False,False,2,True,,,True,
int_consensus_graffiti_daily,models/consensus/intermediate/schema.yml,consensus,,tier2,daily,date,False,False,2,True,cnt,label,True,
int_consensus_validators_balances_daily,models/consensus/intermediate/schema.yml,consensus,,tier1,daily,date,False,False,2,True,balance,,True,
int_consensus_validators_dists_daily,models/consensus/intermediate/schema.yml,consensus,,tier1,daily,date,False,False,2,True,,,True,
int_consensus_validators_labels,models/consensus/intermediate/schema.yml,consensus,,tier2,non_timeseries,,False,False,2,False,,,True,
int_consensus_validators_per_index_apy_daily,models/consensus/intermediate/schema.yml,consensus,,tier1,daily,date,True,False,2,False,amount,,True,full_refresh: skip volume/freshness anomalies
int_consensus_validators_status_daily,models/consensus/intermediate/schema.yml,consensus,,tier1,daily,date,False,False,2,True,cnt|total_validators|active_validators,status,True,
int_consensus_withdrawal_credentials_daily,models/consensus/intermediate/schema.yml,consensus,,tier2,daily,date,False,False,2,True,cnt,,True,
stg_consensus__attestations,models/consensus/staging/schema.yml,consensus,,tier3,staging,slot_timestamp,False,False,2,False,,,False,
stg_consensus__blob_commitments,models/consensus/staging/schema.yml,consensus,,tier3,staging,slot_timestamp,False,False,2,False,,,False,
stg_consensus__blocks,models/consensus/staging/schema.yml,consensus,,tier3,staging,slot_timestamp,False,False,2,False,total_slashed_validators|amount|gas_limit|gas_used,version,False,
stg_consensus__deposits,models/consensus/staging/schema.yml,consensus,,tier3,staging,slot_timestamp,False,False,2,False,amount,,False,
stg_consensus__execution_requests,models/consensus/staging/schema.yml,consensus,,tier3,staging,slot_timestamp,False,False,2,False,,,False,
stg_consensus__rewards,models/consensus/staging/schema.yml,consensus,,tier3,staging,slot_timestamp,False,False,2,False,total,,False,
stg_consensus__specs,models/consensus/staging/schema.yml,consensus,,tier3,staging,,False,False,2,False,,,False,
stg_consensus__time_helpers,models/consensus/staging/schema.yml,consensus,,tier3,staging,,False,False,2,False,,,False,
stg_consensus__validators,models/consensus/staging/schema.yml,consensus,,tier3,staging,slot_timestamp,False,False,2,False,balance,status,False,
stg_consensus__withdrawals,models/consensus/staging/schema.yml,consensus,,tier3,staging,slot_timestamp,False,False,2,False,amount,,False,
api_bridges_cum_netflow_weekly_by_bridge,models/bridges/marts/schema.yml,bridges,,tier1,daily,date,False,False,3,True,value,,True,
api_bridges_kpi_distinct_bridges_all_time,models/bridges/marts/schema.yml,bridges,,tier1,latest_snapshot,,False,False,3,False,value,,True,
api_bridges_kpi_distinct_chains_all_time,models/bridges/marts/schema.yml,bridges,,tier1,latest_snapshot,,False,False,3,False,value,,True,
api_bridges_kpi_netflow_7d,models/bridges/marts/schema.yml,bridges,,tier1,latest_snapshot,,False,False,3,False,value,,True,
api_bridges_kpi_total_netflow_all_time,models/bridges/marts/schema.yml,bridges,,tier1,latest_snapshot,,False,False,3,False,value,,True,
api_bridges_kpi_total_volume_all_time,models/bridges/marts/schema.yml,bridges,,tier1,latest_snapshot,,False,False,3,False,value,,True,
api_bridges_kpi_volume_7d,models/bridges/marts/schema.yml,bridges,,tier1,latest_snapshot,,False,False,3,False,value,,True,
api_bridges_sankey_gnosis_in_by_token_7d,models/bridges/marts/schema.yml,bridges,,tier1,latest_snapshot,,False,False,3,False,value,,True,
api_bridges_sankey_gnosis_in_ranges,models/bridges/marts/schema.yml,bridges,,tier1,latest_snapshot,,False,False,3,False,value,,True,
api_bridges_sankey_gnosis_out_by_token_7d,models/bridges/marts/schema.yml,bridges,,tier1,latest_snapshot,,False,False,3,False,value,,True,
api_bridges_sankey_gnosis_out_ranges,models/bridges/marts/schema.yml,bridges,,tier1,latest_snapshot,,False,False,3,False,value,,True,
api_bridges_token_netflow_daily_by_bridge,models/bridges/marts/schema.yml,bridges,,tier1,daily,date,False,False,3,True,value,bridge,True,
fct_bridges_kpis_snapshot,models/bridges/marts/schema.yml,bridges,,tier1,latest_snapshot,,False,False,3,False,,,True,
fct_bridges_netflow_weekly_by_bridge,models/bridges/marts/schema.yml,bridges,,tier1,daily,week,False,False,3,True,,bridge,True,
fct_bridges_sankey_edges_token_daily,models/bridges/marts/schema.yml,bridges,,tier1,daily,date,False,False,3,True,value,bridge,True,
fct_bridges_token_netflow_daily_by_bridge,models/bridges/marts/schema.yml,bridges,,tier1,daily,date,False,False,3,True,value,bridge,True,
int_bridges_flows_daily,models/bridges/intermediate/schema.yml,bridges,,tier2,daily,date,False,False,3,True,txs,bridge,True,
api_p2p_clients_latest,models/p2p/marts/schema.yml,p2p,,tier1,latest_snapshot,date,False,False,3,False,,,True,
api_p2p_discv4_clients_daily,models/p2p/marts/schema.yml,p2p,,tier1,daily,date,False,False,3,True,value,label,True,
api_p2p_discv4_clients_latest,models/p2p/marts/schema.yml,p2p,,tier1,latest_snapshot,,False,False,3,False,value,label,True,
api_p2p_discv5_clients_daily,models/p2p/marts/schema.yml,p2p,,tier1,daily,date,False,False,3,True,value,label,True,
api_p2p_discv5_clients_latest,models/p2p/marts/schema.yml,p2p,,tier1,latest_snapshot,,False,False,3,False,value,label,True,
api_p2p_discv5_current_fork_daily,models/p2p/marts/schema.yml,p2p,,tier1,daily,date,False,False,3,True,cnt,,True,
api_p2p_discv5_next_fork_daily,models/p2p/marts/schema.yml,p2p,,tier1,daily,date,False,False,3,True,cnt,,True,
api_p2p_topology_latest,models/p2p/marts/schema.yml,p2p,,tier1,latest_snapshot,date,False,False,3,False,cnt,,True,
api_p2p_visits_latest,models/p2p/marts/schema.yml,p2p,,tier1,latest_snapshot,date,False,False,3,False,,,True,
fct_p2p_discv5_forks_daily,models/p2p/marts/schema.yml,p2p,,tier1,daily,date,False,False,3,True,cnt,label,True,
fct_p2p_topology_latest,models/p2p/marts/schema.yml,p2p,,tier1,latest_snapshot,date,False,False,3,False,cnt,,True,
int_p2p_discv4_clients_daily,models/p2p/intermediate/schema.yml,p2p,,tier2,daily,date,False,False,3,True,value,client|label,True,
int_p2p_discv4_peers,models/p2p/intermediate/schema.yml,p2p,,tier2,non_timeseries,,False,False,3,False,,client|version,True,
int_p2p_discv4_topology_latest,models/p2p/intermediate/schema.yml,p2p,,tier2,latest_snapshot,date,False,False,3,False,cnt,client,True,
int_p2p_discv4_visits_daily,models/p2p/intermediate/schema.yml,p2p,,tier2,daily,date,False,False,3,True,total_visits,,True,
int_p2p_discv5_clients_daily,models/p2p/intermediate/schema.yml,p2p,,tier2,daily,date,False,False,3,True,value,client|label,True,
int_p2p_discv5_forks_daily,models/p2p/intermediate/schema.yml,p2p,,tier2,daily,date,False,False,3,True,cnt,label,True,
int_p2p_discv5_peers,models/p2p/intermediate/schema.yml,p2p,,tier2,non_timeseries,,False,False,3,False,,client|version,True,
int_p2p_discv5_topology_latest,models/p2p/intermediate/schema.yml,p2p,,tier2,latest_snapshot,date,False,False,3,False,cnt,client,True,
int_p2p_discv5_visits_daily,models/p2p/intermediate/schema.yml,p2p,,tier2,daily,date,False,False,3,True,total_visits,,True,
stg_crawlers_data__ipinfo,models/p2p/staging/schema.yml,p2p,,tier3,staging,,False,False,3,False,,region|country,False,
stg_nebula_discv4__discovery_id_prefixes_x_peer_ids,models/p2p/staging/schema.yml,p2p,,tier3,staging,,False,False,3,False,,,False,
stg_nebula_discv4__neighbors,models/p2p/staging/schema.yml,p2p,,tier3,staging,,False,False,3,False,,,False,
stg_nebula_discv4__visits,models/p2p/staging/schema.yml,p2p,,tier3,staging,,False,False,3,False,,,False,
stg_nebula_discv5__discovery_id_prefixes_x_peer_ids,models/p2p/staging/schema.yml,p2p,,tier3,staging,,False,False,3,False,,,False,
stg_nebula_discv5__neighbors,models/p2p/staging/schema.yml,p2p,,tier3,staging,,False,False,3,False,,,False,
stg_nebula_discv5__visits,models/p2p/staging/schema.yml,p2p,,tier3,staging,,False,False,3,False,,,False,
api_esg_carbon_emissions_annualised_latest,models/ESG/marts/schema.yml,ESG,,tier1,latest_snapshot,,False,False,4,False,,,True,
api_esg_carbon_emissions_daily,models/ESG/marts/schema.yml,ESG,,tier1,daily,date,False,False,4,True,,,True,
api_esg_carbon_timeseries_bands,models/ESG/marts/schema.yml,ESG,,tier1,non_timeseries,date,False,False,4,False,value,,True,
api_esg_cif_network_vs_countries_daily,models/ESG/marts/schema.yml,ESG,,tier1,daily,date,False,False,4,True,,,True,
api_esg_energy_consumption_annualised_latest,models/ESG/marts/schema.yml,ESG,,tier1,latest_snapshot,,False,False,4,False,,,True,
api_esg_energy_monthly,models/ESG/marts/schema.yml,ESG,,tier1,monthly,date,False,False,4,False,value,,True,
api_esg_estimated_nodes_daily,models/ESG/marts/schema.yml,ESG,,tier1,daily,date,False,False,4,True,,,True,
api_esg_info_annual_daily,models/ESG/marts/schema.yml,ESG,,tier1,daily,date,False,False,4,True,,label,True,
api_esg_info_category_daily,models/ESG/marts/schema.yml,ESG,,tier1,daily,date,False,False,4,True,value,label,True,
fct_esg_carbon_footprint_uncertainty,models/ESG/marts/schema.yml,ESG,,tier1,non_timeseries,date,False,False,4,False,total_estimated_nodes|total_nodes_lower_95|total_nodes_upper_95|active_categories,,True,
int_esg_carbon_intensity_ensemble,models/ESG/intermediate/schema.yml,ESG,,tier2,non_timeseries,,False,False,4,False,n_sources,,True,
int_esg_dynamic_power_consumption,models/ESG/intermediate/schema.yml,ESG,,tier2,non_timeseries,date,False,False,4,False,total_client_nodes,region,True,
int_esg_node_classification,models/ESG/intermediate/schema.yml,ESG,,tier2,non_timeseries,date,False,False,4,False,,,True,
int_esg_node_client_distribution,models/ESG/intermediate/schema.yml,ESG,,tier2,non_timeseries,date,False,False,4,False,,,True,
int_esg_node_geographic_distribution,models/ESG/intermediate/schema.yml,ESG,,tier2,non_timeseries,date,False,False,4,False,,region,True,
int_esg_node_population_chao1,models/ESG/intermediate/schema.yml,ESG,,tier2,non_timeseries,,False,False,4,False,,,True,
stg_crawlers_data__country_codes,models/ESG/staging/schema.yml,ESG,,tier3,staging,,False,False,4,False,,region,False,
stg_crawlers_data__ember_electricity_data,models/ESG/staging/schema.yml,ESG,,tier3,staging,date,False,False,4,False,value,region,False,
api_crawlers_data_distinct_projects_sectors_totals,models/crawlers_data/marts/schema.yml,crawlers_data,,tier1,non_timeseries,,False,False,4,False,,,True,
api_crawlers_data_gno_supply_daily,models/crawlers_data/marts/schema.yml,crawlers_data,,tier1,daily,date,False,False,4,True,supply,label,True,
fct_crawlers_data_distinct_projects_sectors,models/crawlers_data/marts/schema.yml,crawlers_data,,tier1,non_timeseries,,False,False,4,False,,project|sector,True,
int_crawlers_data_labels,models/crawlers_data/intermediate/schema.yml,crawlers_data,,tier2,non_timeseries,,False,False,4,False,,project|sector,True,
stg_crawlers_data__dune_bridge_flows,models/crawlers_data/staging/schema.yml,crawlers_data,,tier3,staging,,False,False,4,False,,bridge,False,
stg_crawlers_data__dune_gno_supply,models/crawlers_data/staging/schema.yml,crawlers_data,,tier3,staging,,False,False,4,False,supply,label,False,
stg_crawlers_data__dune_labels,models/crawlers_data/staging/schema.yml,crawlers_data,,tier3,staging,,False,False,4,False,,project|label,False,
stg_crawlers_data__dune_prices,models/crawlers_data/staging/schema.yml,crawlers_data,,tier3,staging,date,False,False,4,False,,symbol,False,
api_probelab_clients_cloud_daily,models/probelab/marts/schema.yml,probelab,,tier1,daily,date,False,False,4,True,value,client|cloud,True,
api_probelab_clients_country_daily,models/probelab/marts/schema.yml,probelab,,tier1,daily,date,False,False,4,True,value,client|country,True,
api_probelab_clients_daily,models/probelab/marts/schema.yml,probelab,,tier1,daily,date,False,False,4,True,value,client,True,
api_probelab_clients_quic_daily,models/probelab/marts/schema.yml,probelab,,tier1,daily,date,False,False,4,True,value,client,True,
api_probelab_clients_version_daily,models/probelab/marts/schema.yml,probelab,,tier1,daily,date,False,False,4,True,value,client|version,True,
stg_crawlers_data__probelab_agent_semvers_avg_1d,models/probelab/staging/schema.yml,probelab,,tier3,staging,,False,False,4,False,,agent_version_type,False,
stg_crawlers_data__probelab_cloud_provider_avg_1d,models/probelab/staging/schema.yml,probelab,,tier3,staging,,False,False,4,False,,agent_version_type|cloud_provider,False,
stg_crawlers_data__probelab_countries_avg_1d,models/probelab/staging/schema.yml,probelab,,tier3,staging,,False,False,4,False,,agent_version_type|country,False,
stg_crawlers_data__probelab_quic_support_over_7d,models/probelab/staging/schema.yml,probelab,,tier3,staging,,False,False,4,False,,agent_version_type|quic_support,False,
