contract_address,implementation_address,contract_name,function_name,signature,state_mutability,input_params,output_params
0x1332D2b4dc83238B621b7F7D0F72fEc58Bb81A9b,,BackedOracleProxy,admin,f851a440,nonpayable,[],"[{""name"": ""admin_"", ""type"": ""address"", ""position"": 1}]"
0x1332D2b4dc83238B621b7F7D0F72fEc58Bb81A9b,,BackedOracleProxy,changeAdmin,8f283970,nonpayable,"[{""name"": ""newAdmin"", ""type"": ""address"", ""position"": 1}]",[]
0x1332D2b4dc83238B621b7F7D0F72fEc58Bb81A9b,,BackedOracleProxy,implementation,5c60da1b,nonpayable,[],"[{""name"": ""implementation_"", ""type"": ""address"", ""position"": 1}]"
0x1332D2b4dc83238B621b7F7D0F72fEc58Bb81A9b,,BackedOracleProxy,upgradeTo,3659cfe6,nonpayable,"[{""name"": ""newImplementation"", ""type"": ""address"", ""position"": 1}]",[]
0x1332D2b4dc83238B621b7F7D0F72fEc58Bb81A9b,,BackedOracleProxy,upgradeToAndCall,4f1ef286,payable,"[{""name"": ""newImplementation"", ""type"": ""address"", ""position"": 1}, {""name"": ""data"", ""type"": ""bytes"", ""position"": 2}]",[]
0x1332D2b4dc83238B621b7F7D0F72fEc58Bb81A9b,0xb239bd2216D1c8476f601e0d9b5FfAD556C59Cc4,BackedOracle,DEFAULT_ADMIN_ROLE,a217fddf,view,[],"[{""name"": """", ""type"": ""bytes32"", ""position"": 1}]"
0x1332D2b4dc83238B621b7F7D0F72fEc58Bb81A9b,0xb239bd2216D1c8476f601e0d9b5FfAD556C59Cc4,BackedOracle,MAX_PERCENT_DIFFERENCE,8a991dd1,view,[],"[{""name"": """", ""type"": ""uint8"", ""position"": 1}]"
0x1332D2b4dc83238B621b7F7D0F72fEc58Bb81A9b,0xb239bd2216D1c8476f601e0d9b5FfAD556C59Cc4,BackedOracle,MAX_TIMESTAMP_AGE,76670d7a,view,[],"[{""name"": """", ""type"": ""uint32"", ""position"": 1}]"
0x1332D2b4dc83238B621b7F7D0F72fEc58Bb81A9b,0xb239bd2216D1c8476f601e0d9b5FfAD556C59Cc4,BackedOracle,MIN_UPDATE_INTERVAL,bd3be27c,view,[],"[{""name"": """", ""type"": ""uint32"", ""position"": 1}]"
0x1332D2b4dc83238B621b7F7D0F72fEc58Bb81A9b,0xb239bd2216D1c8476f601e0d9b5FfAD556C59Cc4,BackedOracle,UPDATER_ROLE,47e63380,view,[],"[{""name"": """", ""type"": ""bytes32"", ""position"": 1}]"
0x1332D2b4dc83238B621b7F7D0F72fEc58Bb81A9b,0xb239bd2216D1c8476f601e0d9b5FfAD556C59Cc4,BackedOracle,VERSION,ffa1ad74,view,[],"[{""name"": """", ""type"": ""uint8"", ""position"": 1}]"
0x1332D2b4dc83238B621b7F7D0F72fEc58Bb81A9b,0xb239bd2216D1c8476f601e0d9b5FfAD556C59Cc4,BackedOracle,decimals,313ce567,view,[],"[{""name"": """", ""type"": ""uint8"", ""position"": 1}]"
0x1332D2b4dc83238B621b7F7D0F72fEc58Bb81A9b,0xb239bd2216D1c8476f601e0d9b5FfAD556C59Cc4,BackedOracle,description,7284e416,view,[],"[{""name"": """", ""type"": ""string"", ""position"": 1}]"
0x1332D2b4dc83238B621b7F7D0F72fEc58Bb81A9b,0xb239bd2216D1c8476f601e0d9b5FfAD556C59Cc4,BackedOracle,getAnswer,b5ab58dc,view,"[{""name"": ""roundId"", ""type"": ""uint256"", ""position"": 1}]","[{""name"": """", ""type"": ""int256"", ""position"": 1}]"
0x1332D2b4dc83238B621b7F7D0F72fEc58Bb81A9b,0xb239bd2216D1c8476f601e0d9b5FfAD556C59Cc4,BackedOracle,getRoleAdmin,248a9ca3,view,"[{""name"": ""role"", ""type"": ""bytes32"", ""position"": 1}]","[{""name"": """", ""type"": ""bytes32"", ""position"": 1}]"
0x1332D2b4dc83238B621b7F7D0F72fEc58Bb81A9b,0xb239bd2216D1c8476f601e0d9b5FfAD556C59Cc4,BackedOracle,getRoundData,9a6fc8f5,view,"[{""name"": ""roundId"", ""type"": ""uint80"", ""position"": 1}]","[{""name"": """", ""type"": ""uint80"", ""position"": 1}, {""name"": """", ""type"": ""int256"", ""position"": 2}, {""name"": """", ""type"": ""uint256"", ""position"": 3}, {""name"": """", ""type"": ""uint256"", ""position"": 4}, {""name"": """", ""type"": ""uint80"", ""position"": 5}]"
0x1332D2b4dc83238B621b7F7D0F72fEc58Bb81A9b,0xb239bd2216D1c8476f601e0d9b5FfAD556C59Cc4,BackedOracle,getTimestamp,b633620c,view,"[{""name"": ""roundId"", ""type"": ""uint256"", ""position"": 1}]","[{""name"": """", ""type"": ""uint256"", ""position"": 1}]"
0x1332D2b4dc83238B621b7F7D0F72fEc58Bb81A9b,0xb239bd2216D1c8476f601e0d9b5FfAD556C59Cc4,BackedOracle,grantRole,2f2ff15d,nonpayable,"[{""name"": ""role"", ""type"": ""bytes32"", ""position"": 1}, {""name"": ""account"", ""type"": ""address"", ""position"": 2}]",[]
0x1332D2b4dc83238B621b7F7D0F72fEc58Bb81A9b,0xb239bd2216D1c8476f601e0d9b5FfAD556C59Cc4,BackedOracle,hasRole,91d14854,view,"[{""name"": ""role"", ""type"": ""bytes32"", ""position"": 1}, {""name"": ""account"", ""type"": ""address"", ""position"": 2}]","[{""name"": """", ""type"": ""bool"", ""position"": 1}]"
0x1332D2b4dc83238B621b7F7D0F72fEc58Bb81A9b,0xb239bd2216D1c8476f601e0d9b5FfAD556C59Cc4,BackedOracle,initialize,f4a29067,nonpayable,"[{""name"": ""__decimals"", ""type"": ""uint8"", ""position"": 1}, {""name"": ""__description"", ""type"": ""string"", ""position"": 2}, {""name"": ""__admin"", ""type"": ""address"", ""position"": 3}, {""name"": ""__updater"", ""type"": ""address"", ""position"": 4}]",[]
0x1332D2b4dc83238B621b7F7D0F72fEc58Bb81A9b,0xb239bd2216D1c8476f601e0d9b5FfAD556C59Cc4,BackedOracle,latestAnswer,50d25bcd,view,[],"[{""name"": """", ""type"": ""int256"", ""position"": 1}]"
0x1332D2b4dc83238B621b7F7D0F72fEc58Bb81A9b,0xb239bd2216D1c8476f601e0d9b5FfAD556C59Cc4,BackedOracle,latestRound,668a0f02,view,[],"[{""name"": """", ""type"": ""uint256"", ""position"": 1}]"
0x1332D2b4dc83238B621b7F7D0F72fEc58Bb81A9b,0xb239bd2216D1c8476f601e0d9b5FfAD556C59Cc4,BackedOracle,latestRoundData,feaf968c,view,[],"[{""name"": """", ""type"": ""uint80"", ""position"": 1}, {""name"": """", ""type"": ""int256"", ""position"": 2}, {""name"": """", ""type"": ""uint256"", ""position"": 3}, {""name"": """", ""type"": ""uint256"", ""position"": 4}, {""name"": """", ""type"": ""uint80"", ""position"": 5}]"
0x1332D2b4dc83238B621b7F7D0F72fEc58Bb81A9b,0xb239bd2216D1c8476f601e0d9b5FfAD556C59Cc4,BackedOracle,latestTimestamp,8205bf6a,view,[],"[{""name"": """", ""type"": ""uint256"", ""position"": 1}]"
0x1332D2b4dc83238B621b7F7D0F72fEc58Bb81A9b,0xb239bd2216D1c8476f601e0d9b5FfAD556C59Cc4,BackedOracle,renounceRole,36568abe,nonpayable,"[{""name"": ""role"", ""type"": ""bytes32"", ""position"": 1}, {""name"": ""account"", ""type"": ""address"", ""position"": 2}]",[]
0x1332D2b4dc83238B621b7F7D0F72fEc58Bb81A9b,0xb239bd2216D1c8476f601e0d9b5FfAD556C59Cc4,BackedOracle,revokeRole,d547741f,nonpayable,"[{""name"": ""role"", ""type"": ""bytes32"", ""position"": 1}, {""name"": ""account"", ""type"": ""address"", ""position"": 2}]",[]
0x1332D2b4dc83238B621b7F7D0F72fEc58Bb81A9b,0xb239bd2216D1c8476f601e0d9b5FfAD556C59Cc4,BackedOracle,supportsInterface,01ffc9a7,view,"[{""name"": ""interfaceId"", ""type"": ""bytes4"", ""position"": 1}]","[{""name"": """", ""type"": ""bool"", ""position"": 1}]"
0x1332D2b4dc83238B621b7F7D0F72fEc58Bb81A9b,0xb239bd2216D1c8476f601e0d9b5FfAD556C59Cc4,BackedOracle,updateAnswer,309676e9,nonpayable,"[{""name"": ""newAnswer"", ""type"": ""int192"", ""position"": 1}, {""name"": ""newTimestamp"", ""type"": ""uint32"", ""position"": 2}]",[]
0x1332D2b4dc83238B621b7F7D0F72fEc58Bb81A9b,0xb239bd2216D1c8476f601e0d9b5FfAD556C59Cc4,BackedOracle,version,54fd4d50,view,[],"[{""name"": """", ""type"": ""uint256"", ""position"": 1}]"
0x19972d1750F959dD14Cf436Da6360185BD54Cea0,,BackedOracleProxy,admin,f851a440,nonpayable,[],"[{""name"": ""admin_"", ""type"": ""address"", ""position"": 1}]"
0x19972d1750F959dD14Cf436Da6360185BD54Cea0,,BackedOracleProxy,changeAdmin,8f283970,nonpayable,"[{""name"": ""newAdmin"", ""type"": ""address"", ""position"": 1}]",[]
0x19972d1750F959dD14Cf436Da6360185BD54Cea0,,BackedOracleProxy,implementation,5c60da1b,nonpayable,[],"[{""name"": ""implementation_"", ""type"": ""address"", ""position"": 1}]"
0x19972d1750F959dD14Cf436Da6360185BD54Cea0,,BackedOracleProxy,upgradeTo,3659cfe6,nonpayable,"[{""name"": ""newImplementation"", ""type"": ""address"", ""position"": 1}]",[]
0x19972d1750F959dD14Cf436Da6360185BD54Cea0,,BackedOracleProxy,upgradeToAndCall,4f1ef286,payable,"[{""name"": ""newImplementation"", ""type"": ""address"", ""position"": 1}, {""name"": ""data"", ""type"": ""bytes"", ""position"": 2}]",[]
0x19972d1750F959dD14Cf436Da6360185BD54Cea0,0xb239bd2216D1c8476f601e0d9b5FfAD556C59Cc4,BackedOracle,DEFAULT_ADMIN_ROLE,a217fddf,view,[],"[{""name"": """", ""type"": ""bytes32"", ""position"": 1}]"
0x19972d1750F959dD14Cf436Da6360185BD54Cea0,0xb239bd2216D1c8476f601e0d9b5FfAD556C59Cc4,BackedOracle,MAX_PERCENT_DIFFERENCE,8a991dd1,view,[],"[{""name"": """", ""type"": ""uint8"", ""position"": 1}]"
0x19972d1750F959dD14Cf436Da6360185BD54Cea0,0xb239bd2216D1c8476f601e0d9b5FfAD556C59Cc4,BackedOracle,MAX_TIMESTAMP_AGE,76670d7a,view,[],"[{""name"": """", ""type"": ""uint32"", ""position"": 1}]"
0x19972d1750F959dD14Cf436Da6360185BD54Cea0,0xb239bd2216D1c8476f601e0d9b5FfAD556C59Cc4,BackedOracle,MIN_UPDATE_INTERVAL,bd3be27c,view,[],"[{""name"": """", ""type"": ""uint32"", ""position"": 1}]"
0x19972d1750F959dD14Cf436Da6360185BD54Cea0,0xb239bd2216D1c8476f601e0d9b5FfAD556C59Cc4,BackedOracle,UPDATER_ROLE,47e63380,view,[],"[{""name"": """", ""type"": ""bytes32"", ""position"": 1}]"
0x19972d1750F959dD14Cf436Da6360185BD54Cea0,0xb239bd2216D1c8476f601e0d9b5FfAD556C59Cc4,BackedOracle,VERSION,ffa1ad74,view,[],"[{""name"": """", ""type"": ""uint8"", ""position"": 1}]"
0x19972d1750F959dD14Cf436Da6360185BD54Cea0,0xb239bd2216D1c8476f601e0d9b5FfAD556C59Cc4,BackedOracle,decimals,313ce567,view,[],"[{""name"": """", ""type"": ""uint8"", ""position"": 1}]"
0x19972d1750F959dD14Cf436Da6360185BD54Cea0,0xb239bd2216D1c8476f601e0d9b5FfAD556C59Cc4,BackedOracle,description,7284e416,view,[],"[{""name"": """", ""type"": ""string"", ""position"": 1}]"
0x19972d1750F959dD14Cf436Da6360185BD54Cea0,0xb239bd2216D1c8476f601e0d9b5FfAD556C59Cc4,BackedOracle,getAnswer,b5ab58dc,view,"[{""name"": ""roundId"", ""type"": ""uint256"", ""position"": 1}]","[{""name"": """", ""type"": ""int256"", ""position"": 1}]"
0x19972d1750F959dD14Cf436Da6360185BD54Cea0,0xb239bd2216D1c8476f601e0d9b5FfAD556C59Cc4,BackedOracle,getRoleAdmin,248a9ca3,view,"[{""name"": ""role"", ""type"": ""bytes32"", ""position"": 1}]","[{""name"": """", ""type"": ""bytes32"", ""position"": 1}]"
0x19972d1750F959dD14Cf436Da6360185BD54Cea0,0xb239bd2216D1c8476f601e0d9b5FfAD556C59Cc4,BackedOracle,getRoundData,9a6fc8f5,view,"[{""name"": ""roundId"", ""type"": ""uint80"", ""position"": 1}]","[{""name"": """", ""type"": ""uint80"", ""position"": 1}, {""name"": """", ""type"": ""int256"", ""position"": 2}, {""name"": """", ""type"": ""uint256"", ""position"": 3}, {""name"": """", ""type"": ""uint256"", ""position"": 4}, {""name"": """", ""type"": ""uint80"", ""position"": 5}]"
0x19972d1750F959dD14Cf436Da6360185BD54Cea0,0xb239bd2216D1c8476f601e0d9b5FfAD556C59Cc4,BackedOracle,getTimestamp,b633620c,view,"[{""name"": ""roundId"", ""type"": ""uint256"", ""position"": 1}]","[{""name"": """", ""type"": ""uint256"", ""position"": 1}]"
0x19972d1750F959dD14Cf436Da6360185BD54Cea0,0xb239bd2216D1c8476f601e0d9b5FfAD556C59Cc4,BackedOracle,grantRole,2f2ff15d,nonpayable,"[{""name"": ""role"", ""type"": ""bytes32"", ""position"": 1}, {""name"": ""account"", ""type"": ""address"", ""position"": 2}]",[]
0x19972d1750F959dD14Cf436Da6360185BD54Cea0,0xb239bd2216D1c8476f601e0d9b5FfAD556C59Cc4,BackedOracle,hasRole,91d14854,view,"[{""name"": ""role"", ""type"": ""bytes32"", ""position"": 1}, {""name"": ""account"", ""type"": ""address"", ""position"": 2}]","[{""name"": """", ""type"": ""bool"", ""position"": 1}]"
0x19972d1750F959dD14Cf436Da6360185BD54Cea0,0xb239bd2216D1c8476f601e0d9b5FfAD556C59Cc4,BackedOracle,initialize,f4a29067,nonpayable,"[{""name"": ""__decimals"", ""type"": ""uint8"", ""position"": 1}, {""name"": ""__description"", ""type"": ""string"", ""position"": 2}, {""name"": ""__admin"", ""type"": ""address"", ""position"": 3}, {""name"": ""__updater"", ""type"": ""address"", ""position"": 4}]",[]
0x19972d1750F959dD14Cf436Da6360185BD54Cea0,0xb239bd2216D1c8476f601e0d9b5FfAD556C59Cc4,BackedOracle,latestAnswer,50d25bcd,view,[],"[{""name"": """", ""type"": ""int256"", ""position"": 1}]"
0x19972d1750F959dD14Cf436Da6360185BD54Cea0,0xb239bd2216D1c8476f601e0d9b5FfAD556C59Cc4,BackedOracle,latestRound,668a0f02,view,[],"[{""name"": """", ""type"": ""uint256"", ""position"": 1}]"
0x19972d1750F959dD14Cf436Da6360185BD54Cea0,0xb239bd2216D1c8476f601e0d9b5FfAD556C59Cc4,BackedOracle,latestRoundData,feaf968c,view,[],"[{""name"": """", ""type"": ""uint80"", ""position"": 1}, {""name"": """", ""type"": ""int256"", ""position"": 2}, {""name"": """", ""type"": ""uint256"", ""position"": 3}, {""name"": """", ""type"": ""uint256"", ""position"": 4}, {""name"": """", ""type"": ""uint80"", ""position"": 5}]"
0x19972d1750F959dD14Cf436Da6360185BD54Cea0,0xb239bd2216D1c8476f601e0d9b5FfAD556C59Cc4,BackedOracle,latestTimestamp,8205bf6a,view,[],"[{""name"": """", ""type"": ""uint256"", ""position"": 1}]"
0x19972d1750F959dD14Cf436Da6360185BD54Cea0,0xb239bd2216D1c8476f601e0d9b5FfAD556C59Cc4,BackedOracle,renounceRole,36568abe,nonpayable,"[{""name"": ""role"", ""type"": ""bytes32"", ""position"": 1}, {""name"": ""account"", ""type"": ""address"", ""position"": 2}]",[]
0x19972d1750F959dD14Cf436Da6360185BD54Cea0,0xb239bd2216D1c8476f601e0d9b5FfAD556C59Cc4,BackedOracle,revokeRole,d547741f,nonpayable,"[{""name"": ""role"", ""type"": ""bytes32"", ""position"": 1}, {""name"": ""account"", ""type"": ""address"", ""position"": 2}]",[]
0x19972d1750F959dD14Cf436Da6360185BD54Cea0,0xb239bd2216D1c8476f601e0d9b5FfAD556C59Cc4,BackedOracle,supportsInterface,01ffc9a7,view,"[{""name"": ""interfaceId"", ""type"": ""bytes4"", ""position"": 1}]","[{""name"": """", ""type"": ""bool"", ""position"": 1}]"
0x19972d1750F959dD14Cf436Da6360185BD54Cea0,0xb239bd2216D1c8476f601e0d9b5FfAD556C59Cc4,BackedOracle,updateAnswer,309676e9,nonpayable,"[{""name"": ""newAnswer"", ""type"": ""int192"", ""position"": 1}, {""name"": ""newTimestamp"", ""type"": ""uint32"", ""position"": 2}]",[]
0x19972d1750F959dD14Cf436Da6360185BD54Cea0,0xb239bd2216D1c8476f601e0d9b5FfAD556C59Cc4,BackedOracle,version,54fd4d50,view,[],"[{""name"": """", ""type"": ""uint256"", ""position"": 1}]"
0x1D3be4d05Eba2aA6c4eEdE85a74f491C31766E64,,BackedOracleProxy,admin,f851a440,nonpayable,[],"[{""name"": ""admin_"", ""type"": ""address"", ""position"": 1}]"
0x1D3be4d05Eba2aA6c4eEdE85a74f491C31766E64,,BackedOracleProxy,changeAdmin,8f283970,nonpayable,"[{""name"": ""newAdmin"", ""type"": ""address"", ""position"": 1}]",[]
0x1D3be4d05Eba2aA6c4eEdE85a74f491C31766E64,,BackedOracleProxy,implementation,5c60da1b,nonpayable,[],"[{""name"": ""implementation_"", ""type"": ""address"", ""position"": 1}]"
0x1D3be4d05Eba2aA6c4eEdE85a74f491C31766E64,,BackedOracleProxy,upgradeTo,3659cfe6,nonpayable,"[{""name"": ""newImplementation"", ""type"": ""address"", ""position"": 1}]",[]
0x1D3be4d05Eba2aA6c4eEdE85a74f491C31766E64,,BackedOracleProxy,upgradeToAndCall,4f1ef286,payable,"[{""name"": ""newImplementation"", ""type"": ""address"", ""position"": 1}, {""name"": ""data"", ""type"": ""bytes"", ""position"": 2}]",[]
0x1D3be4d05Eba2aA6c4eEdE85a74f491C31766E64,0xb239bd2216D1c8476f601e0d9b5FfAD556C59Cc4,BackedOracle,DEFAULT_ADMIN_ROLE,a217fddf,view,[],"[{""name"": """", ""type"": ""bytes32"", ""position"": 1}]"
0x1D3be4d05Eba2aA6c4eEdE85a74f491C31766E64,0xb239bd2216D1c8476f601e0d9b5FfAD556C59Cc4,BackedOracle,MAX_PERCENT_DIFFERENCE,8a991dd1,view,[],"[{""name"": """", ""type"": ""uint8"", ""position"": 1}]"
0x1D3be4d05Eba2aA6c4eEdE85a74f491C31766E64,0xb239bd2216D1c8476f601e0d9b5FfAD556C59Cc4,BackedOracle,MAX_TIMESTAMP_AGE,76670d7a,view,[],"[{""name"": """", ""type"": ""uint32"", ""position"": 1}]"
0x1D3be4d05Eba2aA6c4eEdE85a74f491C31766E64,0xb239bd2216D1c8476f601e0d9b5FfAD556C59Cc4,BackedOracle,MIN_UPDATE_INTERVAL,bd3be27c,view,[],"[{""name"": """", ""type"": ""uint32"", ""position"": 1}]"
0x1D3be4d05Eba2aA6c4eEdE85a74f491C31766E64,0xb239bd2216D1c8476f601e0d9b5FfAD556C59Cc4,BackedOracle,UPDATER_ROLE,47e63380,view,[],"[{""name"": """", ""type"": ""bytes32"", ""position"": 1}]"
0x1D3be4d05Eba2aA6c4eEdE85a74f491C31766E64,0xb239bd2216D1c8476f601e0d9b5FfAD556C59Cc4,BackedOracle,VERSION,ffa1ad74,view,[],"[{""name"": """", ""type"": ""uint8"", ""position"": 1}]"
0x1D3be4d05Eba2aA6c4eEdE85a74f491C31766E64,0xb239bd2216D1c8476f601e0d9b5FfAD556C59Cc4,BackedOracle,decimals,313ce567,view,[],"[{""name"": """", ""type"": ""uint8"", ""position"": 1}]"
0x1D3be4d05Eba2aA6c4eEdE85a74f491C31766E64,0xb239bd2216D1c8476f601e0d9b5FfAD556C59Cc4,BackedOracle,description,7284e416,view,[],"[{""name"": """", ""type"": ""string"", ""position"": 1}]"
0x1D3be4d05Eba2aA6c4eEdE85a74f491C31766E64,0xb239bd2216D1c8476f601e0d9b5FfAD556C59Cc4,BackedOracle,getAnswer,b5ab58dc,view,"[{""name"": ""roundId"", ""type"": ""uint256"", ""position"": 1}]","[{""name"": """", ""type"": ""int256"", ""position"": 1}]"
0x1D3be4d05Eba2aA6c4eEdE85a74f491C31766E64,0xb239bd2216D1c8476f601e0d9b5FfAD556C59Cc4,BackedOracle,getRoleAdmin,248a9ca3,view,"[{""name"": ""role"", ""type"": ""bytes32"", ""position"": 1}]","[{""name"": """", ""type"": ""bytes32"", ""position"": 1}]"
0x1D3be4d05Eba2aA6c4eEdE85a74f491C31766E64,0xb239bd2216D1c8476f601e0d9b5FfAD556C59Cc4,BackedOracle,getRoundData,9a6fc8f5,view,"[{""name"": ""roundId"", ""type"": ""uint80"", ""position"": 1}]","[{""name"": """", ""type"": ""uint80"", ""position"": 1}, {""name"": """", ""type"": ""int256"", ""position"": 2}, {""name"": """", ""type"": ""uint256"", ""position"": 3}, {""name"": """", ""type"": ""uint256"", ""position"": 4}, {""name"": """", ""type"": ""uint80"", ""position"": 5}]"
0x1D3be4d05Eba2aA6c4eEdE85a74f491C31766E64,0xb239bd2216D1c8476f601e0d9b5FfAD556C59Cc4,BackedOracle,getTimestamp,b633620c,view,"[{""name"": ""roundId"", ""type"": ""uint256"", ""position"": 1}]","[{""name"": """", ""type"": ""uint256"", ""position"": 1}]"
0x1D3be4d05Eba2aA6c4eEdE85a74f491C31766E64,0xb239bd2216D1c8476f601e0d9b5FfAD556C59Cc4,BackedOracle,grantRole,2f2ff15d,nonpayable,"[{""name"": ""role"", ""type"": ""bytes32"", ""position"": 1}, {""name"": ""account"", ""type"": ""address"", ""position"": 2}]",[]
0x1D3be4d05Eba2aA6c4eEdE85a74f491C31766E64,0xb239bd2216D1c8476f601e0d9b5FfAD556C59Cc4,BackedOracle,hasRole,91d14854,view,"[{""name"": ""role"", ""type"": ""bytes32"", ""position"": 1}, {""name"": ""account"", ""type"": ""address"", ""position"": 2}]","[{""name"": """", ""type"": ""bool"", ""position"": 1}]"
0x1D3be4d05Eba2aA6c4eEdE85a74f491C31766E64,0xb239bd2216D1c8476f601e0d9b5FfAD556C59Cc4,BackedOracle,initialize,f4a29067,nonpayable,"[{""name"": ""__decimals"", ""type"": ""uint8"", ""position"": 1}, {""name"": ""__description"", ""type"": ""string"", ""position"": 2}, {""name"": ""__admin"", ""type"": ""address"", ""position"": 3}, {""name"": ""__updater"", ""type"": ""address"", ""position"": 4}]",[]
0x1D3be4d05Eba2aA6c4eEdE85a74f491C31766E64,0xb239bd2216D1c8476f601e0d9b5FfAD556C59Cc4,BackedOracle,latestAnswer,50d25bcd,view,[],"[{""name"": """", ""type"": ""int256"", ""position"": 1}]"
0x1D3be4d05Eba2aA6c4eEdE85a74f491C31766E64,0xb239bd2216D1c8476f601e0d9b5FfAD556C59Cc4,BackedOracle,latestRound,668a0f02,view,[],"[{""name"": """", ""type"": ""uint256"", ""position"": 1}]"
0x1D3be4d05Eba2aA6c4eEdE85a74f491C31766E64,0xb239bd2216D1c8476f601e0d9b5FfAD556C59Cc4,BackedOracle,latestRoundData,feaf968c,view,[],"[{""name"": """", ""type"": ""uint80"", ""position"": 1}, {""name"": """", ""type"": ""int256"", ""position"": 2}, {""name"": """", ""type"": ""uint256"", ""position"": 3}, {""name"": """", ""type"": ""uint256"", ""position"": 4}, {""name"": """", ""type"": ""uint80"", ""position"": 5}]"
0x1D3be4d05Eba2aA6c4eEdE85a74f491C31766E64,0xb239bd2216D1c8476f601e0d9b5FfAD556C59Cc4,BackedOracle,latestTimestamp,8205bf6a,view,[],"[{""name"": """", ""type"": ""uint256"", ""position"": 1}]"
0x1D3be4d05Eba2aA6c4eEdE85a74f491C31766E64,0xb239bd2216D1c8476f601e0d9b5FfAD556C59Cc4,BackedOracle,renounceRole,36568abe,nonpayable,"[{""name"": ""role"", ""type"": ""bytes32"", ""position"": 1}, {""name"": ""account"", ""type"": ""address"", ""position"": 2}]",[]
0x1D3be4d05Eba2aA6c4eEdE85a74f491C31766E64,0xb239bd2216D1c8476f601e0d9b5FfAD556C59Cc4,BackedOracle,revokeRole,d547741f,nonpayable,"[{""name"": ""role"", ""type"": ""bytes32"", ""position"": 1}, {""name"": ""account"", ""type"": ""address"", ""position"": 2}]",[]
0x1D3be4d05Eba2aA6c4eEdE85a74f491C31766E64,0xb239bd2216D1c8476f601e0d9b5FfAD556C59Cc4,BackedOracle,supportsInterface,01ffc9a7,view,"[{""name"": ""interfaceId"", ""type"": ""bytes4"", ""position"": 1}]","[{""name"": """", ""type"": ""bool"", ""position"": 1}]"
0x1D3be4d05Eba2aA6c4eEdE85a74f491C31766E64,0xb239bd2216D1c8476f601e0d9b5FfAD556C59Cc4,BackedOracle,updateAnswer,309676e9,nonpayable,"[{""name"": ""newAnswer"", ""type"": ""int192"", ""position"": 1}, {""name"": ""newTimestamp"", ""type"": ""uint32"", ""position"": 2}]",[]
0x1D3be4d05Eba2aA6c4eEdE85a74f491C31766E64,0xb239bd2216D1c8476f601e0d9b5FfAD556C59Cc4,BackedOracle,version,54fd4d50,view,[],"[{""name"": """", ""type"": ""uint256"", ""position"": 1}]"
0x29b9a7fbb8995b2423a71cc17cf9810798f6c543,,Hub,checkSendLimit,8a0ef184,view,"[{""name"": ""tokenOwner"", ""type"": ""address"", ""position"": 1}, {""name"": ""src"", ""type"": ""address"", ""position"": 2}, {""name"": ""dest"", ""type"": ""address"", ""position"": 3}]","[{""name"": """", ""type"": ""uint256"", ""position"": 1}]"
0x29b9a7fbb8995b2423a71cc17cf9810798f6c543,,Hub,deployedAt,eae4c19f,view,[],"[{""name"": """", ""type"": ""uint256"", ""position"": 1}]"
0x29b9a7fbb8995b2423a71cc17cf9810798f6c543,,Hub,divisor,1f2dc5ef,view,[],"[{""name"": """", ""type"": ""uint256"", ""position"": 1}]"
0x29b9a7fbb8995b2423a71cc17cf9810798f6c543,,Hub,inflate,2a938342,view,"[{""name"": ""_initial"", ""type"": ""uint256"", ""position"": 1}, {""name"": ""_periods"", ""type"": ""uint256"", ""position"": 2}]","[{""name"": """", ""type"": ""uint256"", ""position"": 1}]"
0x29b9a7fbb8995b2423a71cc17cf9810798f6c543,,Hub,inflation,be0522e0,view,[],"[{""name"": """", ""type"": ""uint256"", ""position"": 1}]"
0x29b9a7fbb8995b2423a71cc17cf9810798f6c543,,Hub,initialIssuance,fc22a9f8,view,[],"[{""name"": """", ""type"": ""uint256"", ""position"": 1}]"
0x29b9a7fbb8995b2423a71cc17cf9810798f6c543,,Hub,issuance,863623bb,view,[],"[{""name"": """", ""type"": ""uint256"", ""position"": 1}]"
0x29b9a7fbb8995b2423a71cc17cf9810798f6c543,,Hub,issuanceByStep,61c4b421,view,"[{""name"": ""_periods"", ""type"": ""uint256"", ""position"": 1}]","[{""name"": """", ""type"": ""uint256"", ""position"": 1}]"
0x29b9a7fbb8995b2423a71cc17cf9810798f6c543,,Hub,limits,a3eb2b4a,view,"[{""name"": """", ""type"": ""address"", ""position"": 1}, {""name"": """", ""type"": ""address"", ""position"": 2}]","[{""name"": """", ""type"": ""uint256"", ""position"": 1}]"
0x29b9a7fbb8995b2423a71cc17cf9810798f6c543,,Hub,name,06fdde03,view,[],"[{""name"": """", ""type"": ""string"", ""position"": 1}]"
0x29b9a7fbb8995b2423a71cc17cf9810798f6c543,,Hub,organizationSignup,3fbd653c,nonpayable,[],[]
0x29b9a7fbb8995b2423a71cc17cf9810798f6c543,,Hub,organizations,5a1f7406,view,"[{""name"": """", ""type"": ""address"", ""position"": 1}]","[{""name"": """", ""type"": ""bool"", ""position"": 1}]"
0x29b9a7fbb8995b2423a71cc17cf9810798f6c543,,Hub,period,ef78d4fd,view,[],"[{""name"": """", ""type"": ""uint256"", ""position"": 1}]"
0x29b9a7fbb8995b2423a71cc17cf9810798f6c543,,Hub,periods,a4caeb42,view,[],"[{""name"": """", ""type"": ""uint256"", ""position"": 1}]"
0x29b9a7fbb8995b2423a71cc17cf9810798f6c543,,Hub,pow,2e4c697f,pure,"[{""name"": ""base"", ""type"": ""uint256"", ""position"": 1}, {""name"": ""exponent"", ""type"": ""uint256"", ""position"": 2}]","[{""name"": """", ""type"": ""uint256"", ""position"": 1}]"
0x29b9a7fbb8995b2423a71cc17cf9810798f6c543,,Hub,seen,7f501d04,view,"[{""name"": """", ""type"": ""uint256"", ""position"": 1}]","[{""name"": """", ""type"": ""address"", ""position"": 1}]"
0x29b9a7fbb8995b2423a71cc17cf9810798f6c543,,Hub,signup,b7bc0f73,nonpayable,[],[]
0x29b9a7fbb8995b2423a71cc17cf9810798f6c543,,Hub,signupBonus,67cb52d8,view,[],"[{""name"": """", ""type"": ""uint256"", ""position"": 1}]"
0x29b9a7fbb8995b2423a71cc17cf9810798f6c543,,Hub,symbol,95d89b41,view,[],"[{""name"": """", ""type"": ""string"", ""position"": 1}]"
0x29b9a7fbb8995b2423a71cc17cf9810798f6c543,,Hub,timeout,70dea79a,view,[],"[{""name"": """", ""type"": ""uint256"", ""position"": 1}]"
0x29b9a7fbb8995b2423a71cc17cf9810798f6c543,,Hub,tokenToUser,a18b506b,view,"[{""name"": """", ""type"": ""address"", ""position"": 1}]","[{""name"": """", ""type"": ""address"", ""position"": 1}]"
0x29b9a7fbb8995b2423a71cc17cf9810798f6c543,,Hub,transferThrough,d62fd9a2,nonpayable,"[{""name"": ""tokenOwners"", ""type"": ""address[]"", ""position"": 1}, {""name"": ""srcs"", ""type"": ""address[]"", ""position"": 2}, {""name"": ""dests"", ""type"": ""address[]"", ""position"": 3}, {""name"": ""wads"", ""type"": ""uint256[]"", ""position"": 4}]",[]
0x29b9a7fbb8995b2423a71cc17cf9810798f6c543,,Hub,trust,9951d62f,nonpayable,"[{""name"": ""user"", ""type"": ""address"", ""position"": 1}, {""name"": ""limit"", ""type"": ""uint256"", ""position"": 2}]",[]
0x29b9a7fbb8995b2423a71cc17cf9810798f6c543,,Hub,userToToken,28d249fe,view,"[{""name"": """", ""type"": ""address"", ""position"": 1}]","[{""name"": """", ""type"": ""address"", ""position"": 1}]"
0x29b9a7fbb8995b2423a71cc17cf9810798f6c543,,Hub,validation,77ed63c2,view,"[{""name"": """", ""type"": ""address"", ""position"": 1}]","[{""name"": ""seen"", ""type"": ""bool"", ""position"": 1}, {""name"": ""sent"", ""type"": ""uint256"", ""position"": 2}, {""name"": ""received"", ""type"": ""uint256"", ""position"": 3}]"
0x69B2D456e8830847f488afDde2a636BFB26218c6,,BackedOracleProxy,admin,f851a440,nonpayable,[],"[{""name"": ""admin_"", ""type"": ""address"", ""position"": 1}]"
0x69B2D456e8830847f488afDde2a636BFB26218c6,,BackedOracleProxy,changeAdmin,8f283970,nonpayable,"[{""name"": ""newAdmin"", ""type"": ""address"", ""position"": 1}]",[]
0x69B2D456e8830847f488afDde2a636BFB26218c6,,BackedOracleProxy,implementation,5c60da1b,nonpayable,[],"[{""name"": ""implementation_"", ""type"": ""address"", ""position"": 1}]"
0x69B2D456e8830847f488afDde2a636BFB26218c6,,BackedOracleProxy,upgradeTo,3659cfe6,nonpayable,"[{""name"": ""newImplementation"", ""type"": ""address"", ""position"": 1}]",[]
0x69B2D456e8830847f488afDde2a636BFB26218c6,,BackedOracleProxy,upgradeToAndCall,4f1ef286,payable,"[{""name"": ""newImplementation"", ""type"": ""address"", ""position"": 1}, {""name"": ""data"", ""type"": ""bytes"", ""position"": 2}]",[]
0x69B2D456e8830847f488afDde2a636BFB26218c6,0xb239bd2216D1c8476f601e0d9b5FfAD556C59Cc4,BackedOracle,DEFAULT_ADMIN_ROLE,a217fddf,view,[],"[{""name"": """", ""type"": ""bytes32"", ""position"": 1}]"
0x69B2D456e8830847f488afDde2a636BFB26218c6,0xb239bd2216D1c8476f601e0d9b5FfAD556C59Cc4,BackedOracle,MAX_PERCENT_DIFFERENCE,8a991dd1,view,[],"[{""name"": """", ""type"": ""uint8"", ""position"": 1}]"
0x69B2D456e8830847f488afDde2a636BFB26218c6,0xb239bd2216D1c8476f601e0d9b5FfAD556C59Cc4,BackedOracle,MAX_TIMESTAMP_AGE,76670d7a,view,[],"[{""name"": """", ""type"": ""uint32"", ""position"": 1}]"
0x69B2D456e8830847f488afDde2a636BFB26218c6,0xb239bd2216D1c8476f601e0d9b5FfAD556C59Cc4,BackedOracle,MIN_UPDATE_INTERVAL,bd3be27c,view,[],"[{""name"": """", ""type"": ""uint32"", ""position"": 1}]"
0x69B2D456e8830847f488afDde2a636BFB26218c6,0xb239bd2216D1c8476f601e0d9b5FfAD556C59Cc4,BackedOracle,UPDATER_ROLE,47e63380,view,[],"[{""name"": """", ""type"": ""bytes32"", ""position"": 1}]"
0x69B2D456e8830847f488afDde2a636BFB26218c6,0xb239bd2216D1c8476f601e0d9b5FfAD556C59Cc4,BackedOracle,VERSION,ffa1ad74,view,[],"[{""name"": """", ""type"": ""uint8"", ""position"": 1}]"
0x69B2D456e8830847f488afDde2a636BFB26218c6,0xb239bd2216D1c8476f601e0d9b5FfAD556C59Cc4,BackedOracle,decimals,313ce567,view,[],"[{""name"": """", ""type"": ""uint8"", ""position"": 1}]"
0x69B2D456e8830847f488afDde2a636BFB26218c6,0xb239bd2216D1c8476f601e0d9b5FfAD556C59Cc4,BackedOracle,description,7284e416,view,[],"[{""name"": """", ""type"": ""string"", ""position"": 1}]"
0x69B2D456e8830847f488afDde2a636BFB26218c6,0xb239bd2216D1c8476f601e0d9b5FfAD556C59Cc4,BackedOracle,getAnswer,b5ab58dc,view,"[{""name"": ""roundId"", ""type"": ""uint256"", ""position"": 1}]","[{""name"": """", ""type"": ""int256"", ""position"": 1}]"
0x69B2D456e8830847f488afDde2a636BFB26218c6,0xb239bd2216D1c8476f601e0d9b5FfAD556C59Cc4,BackedOracle,getRoleAdmin,248a9ca3,view,"[{""name"": ""role"", ""type"": ""bytes32"", ""position"": 1}]","[{""name"": """", ""type"": ""bytes32"", ""position"": 1}]"
0x69B2D456e8830847f488afDde2a636BFB26218c6,0xb239bd2216D1c8476f601e0d9b5FfAD556C59Cc4,BackedOracle,getRoundData,9a6fc8f5,view,"[{""name"": ""roundId"", ""type"": ""uint80"", ""position"": 1}]","[{""name"": """", ""type"": ""uint80"", ""position"": 1}, {""name"": """", ""type"": ""int256"", ""position"": 2}, {""name"": """", ""type"": ""uint256"", ""position"": 3}, {""name"": """", ""type"": ""uint256"", ""position"": 4}, {""name"": """", ""type"": ""uint80"", ""position"": 5}]"
0x69B2D456e8830847f488afDde2a636BFB26218c6,0xb239bd2216D1c8476f601e0d9b5FfAD556C59Cc4,BackedOracle,getTimestamp,b633620c,view,"[{""name"": ""roundId"", ""type"": ""uint256"", ""position"": 1}]","[{""name"": """", ""type"": ""uint256"", ""position"": 1}]"
0x69B2D456e8830847f488afDde2a636BFB26218c6,0xb239bd2216D1c8476f601e0d9b5FfAD556C59Cc4,BackedOracle,grantRole,2f2ff15d,nonpayable,"[{""name"": ""role"", ""type"": ""bytes32"", ""position"": 1}, {""name"": ""account"", ""type"": ""address"", ""position"": 2}]",[]
0x69B2D456e8830847f488afDde2a636BFB26218c6,0xb239bd2216D1c8476f601e0d9b5FfAD556C59Cc4,BackedOracle,hasRole,91d14854,view,"[{""name"": ""role"", ""type"": ""bytes32"", ""position"": 1}, {""name"": ""account"", ""type"": ""address"", ""position"": 2}]","[{""name"": """", ""type"": ""bool"", ""position"": 1}]"
0x69B2D456e8830847f488afDde2a636BFB26218c6,0xb239bd2216D1c8476f601e0d9b5FfAD556C59Cc4,BackedOracle,initialize,f4a29067,nonpayable,"[{""name"": ""__decimals"", ""type"": ""uint8"", ""position"": 1}, {""name"": ""__description"", ""type"": ""string"", ""position"": 2}, {""name"": ""__admin"", ""type"": ""address"", ""position"": 3}, {""name"": ""__updater"", ""type"": ""address"", ""position"": 4}]",[]
0x69B2D456e8830847f488afDde2a636BFB26218c6,0xb239bd2216D1c8476f601e0d9b5FfAD556C59Cc4,BackedOracle,latestAnswer,50d25bcd,view,[],"[{""name"": """", ""type"": ""int256"", ""position"": 1}]"
0x69B2D456e8830847f488afDde2a636BFB26218c6,0xb239bd2216D1c8476f601e0d9b5FfAD556C59Cc4,BackedOracle,latestRound,668a0f02,view,[],"[{""name"": """", ""type"": ""uint256"", ""position"": 1}]"
0x69B2D456e8830847f488afDde2a636BFB26218c6,0xb239bd2216D1c8476f601e0d9b5FfAD556C59Cc4,BackedOracle,latestRoundData,feaf968c,view,[],"[{""name"": """", ""type"": ""uint80"", ""position"": 1}, {""name"": """", ""type"": ""int256"", ""position"": 2}, {""name"": """", ""type"": ""uint256"", ""position"": 3}, {""name"": """", ""type"": ""uint256"", ""position"": 4}, {""name"": """", ""type"": ""uint80"", ""position"": 5}]"
0x69B2D456e8830847f488afDde2a636BFB26218c6,0xb239bd2216D1c8476f601e0d9b5FfAD556C59Cc4,BackedOracle,latestTimestamp,8205bf6a,view,[],"[{""name"": """", ""type"": ""uint256"", ""position"": 1}]"
0x69B2D456e8830847f488afDde2a636BFB26218c6,0xb239bd2216D1c8476f601e0d9b5FfAD556C59Cc4,BackedOracle,renounceRole,36568abe,nonpayable,"[{""name"": ""role"", ""type"": ""bytes32"", ""position"": 1}, {""name"": ""account"", ""type"": ""address"", ""position"": 2}]",[]
0x69B2D456e8830847f488afDde2a636BFB26218c6,0xb239bd2216D1c8476f601e0d9b5FfAD556C59Cc4,BackedOracle,revokeRole,d547741f,nonpayable,"[{""name"": ""role"", ""type"": ""bytes32"", ""position"": 1}, {""name"": ""account"", ""type"": ""address"", ""position"": 2}]",[]
0x69B2D456e8830847f488afDde2a636BFB26218c6,0xb239bd2216D1c8476f601e0d9b5FfAD556C59Cc4,BackedOracle,supportsInterface,01ffc9a7,view,"[{""name"": ""interfaceId"", ""type"": ""bytes4"", ""position"": 1}]","[{""name"": """", ""type"": ""bool"", ""position"": 1}]"
0x69B2D456e8830847f488afDde2a636BFB26218c6,0xb239bd2216D1c8476f601e0d9b5FfAD556C59Cc4,BackedOracle,updateAnswer,309676e9,nonpayable,"[{""name"": ""newAnswer"", ""type"": ""int192"", ""position"": 1}, {""name"": ""newTimestamp"", ""type"": ""uint32"", ""position"": 2}]",[]
0x69B2D456e8830847f488afDde2a636BFB26218c6,0xb239bd2216D1c8476f601e0d9b5FfAD556C59Cc4,BackedOracle,version,54fd4d50,view,[],"[{""name"": """", ""type"": ""uint256"", ""position"": 1}]"
0x7304979ec9E4EaA0273b6A037a31c4e9e5A75D16,,InitializableImmutableAdminUpgradeabilityProxy,admin,f851a440,nonpayable,[],"[{""name"": """", ""type"": ""address"", ""position"": 1}]"
0x7304979ec9E4EaA0273b6A037a31c4e9e5A75D16,,InitializableImmutableAdminUpgradeabilityProxy,implementation,5c60da1b,nonpayable,[],"[{""name"": """", ""type"": ""address"", ""position"": 1}]"
0x7304979ec9E4EaA0273b6A037a31c4e9e5A75D16,,InitializableImmutableAdminUpgradeabilityProxy,initialize,d1f57894,payable,"[{""name"": ""_logic"", ""type"": ""address"", ""position"": 1}, {""name"": ""_data"", ""type"": ""bytes"", ""position"": 2}]",[]
0x7304979ec9E4EaA0273b6A037a31c4e9e5A75D16,,InitializableImmutableAdminUpgradeabilityProxy,upgradeTo,3659cfe6,nonpayable,"[{""name"": ""newImplementation"", ""type"": ""address"", ""position"": 1}]",[]
0x7304979ec9E4EaA0273b6A037a31c4e9e5A75D16,,InitializableImmutableAdminUpgradeabilityProxy,upgradeToAndCall,4f1ef286,payable,"[{""name"": ""newImplementation"", ""type"": ""address"", ""position"": 1}, {""name"": ""data"", ""type"": ""bytes"", ""position"": 2}]",[]
0x788d911ae7c95121a89a0f0306db65d87422e1de,,BackedOracle,decimals,313ce567,view,[],"[{""name"": """", ""type"": ""uint8"", ""position"": 1}]"
0x788d911ae7c95121a89a0f0306db65d87422e1de,,BackedOracle,description,7284e416,view,[],"[{""name"": """", ""type"": ""string"", ""position"": 1}]"
0x788d911ae7c95121a89a0f0306db65d87422e1de,,BackedOracle,getAnswer,b5ab58dc,view,"[{""name"": ""roundId"", ""type"": ""uint256"", ""position"": 1}]","[{""name"": """", ""type"": ""int256"", ""position"": 1}]"
0x788d911ae7c95121a89a0f0306db65d87422e1de,,BackedOracle,getRoundData,9a6fc8f5,view,"[{""name"": ""roundId"", ""type"": ""uint80"", ""position"": 1}]","[{""name"": """", ""type"": ""uint80"", ""position"": 1}, {""name"": """", ""type"": ""int256"", ""position"": 2}, {""name"": """", ""type"": ""uint256"", ""position"": 3}, {""name"": """", ""type"": ""uint256"", ""position"": 4}, {""name"": """", ""type"": ""uint80"", ""position"": 5}]"
0x788d911ae7c95121a89a0f0306db65d87422e1de,,BackedOracle,getTimestamp,b633620c,view,"[{""name"": ""roundId"", ""type"": ""uint256"", ""position"": 1}]","[{""name"": """", ""type"": ""uint256"", ""position"": 1}]"
0x788d911ae7c95121a89a0f0306db65d87422e1de,,BackedOracle,latestAnswer,50d25bcd,view,[],"[{""name"": """", ""type"": ""int256"", ""position"": 1}]"
0x788d911ae7c95121a89a0f0306db65d87422e1de,,BackedOracle,latestRound,668a0f02,view,[],"[{""name"": """", ""type"": ""uint256"", ""position"": 1}]"
0x788d911ae7c95121a89a0f0306db65d87422e1de,,BackedOracle,latestRoundData,feaf968c,view,[],"[{""name"": """", ""type"": ""uint80"", ""position"": 1}, {""name"": """", ""type"": ""int256"", ""position"": 2}, {""name"": """", ""type"": ""uint256"", ""position"": 3}, {""name"": """", ""type"": ""uint256"", ""position"": 4}, {""name"": """", ""type"": ""uint80"", ""position"": 5}]"
0x788d911ae7c95121a89a0f0306db65d87422e1de,,BackedOracle,latestTimestamp,8205bf6a,view,[],"[{""name"": """", ""type"": ""uint256"", ""position"": 1}]"
0x788d911ae7c95121a89a0f0306db65d87422e1de,,BackedOracle,owner,8da5cb5b,view,[],"[{""name"": """", ""type"": ""address"", ""position"": 1}]"
0x788d911ae7c95121a89a0f0306db65d87422e1de,,BackedOracle,renounceOwnership,715018a6,nonpayable,[],[]
0x788d911ae7c95121a89a0f0306db65d87422e1de,,BackedOracle,transferOwnership,f2fde38b,nonpayable,"[{""name"": ""newOwner"", ""type"": ""address"", ""position"": 1}]",[]
0x788d911ae7c95121a89a0f0306db65d87422e1de,,BackedOracle,updateAnswer,e849a2eb,nonpayable,"[{""name"": ""newAnswer"", ""type"": ""int192"", ""position"": 1}, {""name"": ""newTimestamp"", ""type"": ""uint32"", ""position"": 2}, {""name"": ""newRound"", ""type"": ""uint32"", ""position"": 3}]",[]
0x83Ec02059F686E747392A22ddfED7833bA0d7cE3,,BackedOracleProxy,admin,f851a440,nonpayable,[],"[{""name"": ""admin_"", ""type"": ""address"", ""position"": 1}]"
0x83Ec02059F686E747392A22ddfED7833bA0d7cE3,,BackedOracleProxy,changeAdmin,8f283970,nonpayable,"[{""name"": ""newAdmin"", ""type"": ""address"", ""position"": 1}]",[]
0x83Ec02059F686E747392A22ddfED7833bA0d7cE3,,BackedOracleProxy,implementation,5c60da1b,nonpayable,[],"[{""name"": ""implementation_"", ""type"": ""address"", ""position"": 1}]"
0x83Ec02059F686E747392A22ddfED7833bA0d7cE3,,BackedOracleProxy,upgradeTo,3659cfe6,nonpayable,"[{""name"": ""newImplementation"", ""type"": ""address"", ""position"": 1}]",[]
0x83Ec02059F686E747392A22ddfED7833bA0d7cE3,,BackedOracleProxy,upgradeToAndCall,4f1ef286,payable,"[{""name"": ""newImplementation"", ""type"": ""address"", ""position"": 1}, {""name"": ""data"", ""type"": ""bytes"", ""position"": 2}]",[]
0x83Ec02059F686E747392A22ddfED7833bA0d7cE3,0xb239bd2216D1c8476f601e0d9b5FfAD556C59Cc4,BackedOracle,DEFAULT_ADMIN_ROLE,a217fddf,view,[],"[{""name"": """", ""type"": ""bytes32"", ""position"": 1}]"
0x83Ec02059F686E747392A22ddfED7833bA0d7cE3,0xb239bd2216D1c8476f601e0d9b5FfAD556C59Cc4,BackedOracle,MAX_PERCENT_DIFFERENCE,8a991dd1,view,[],"[{""name"": """", ""type"": ""uint8"", ""position"": 1}]"
0x83Ec02059F686E747392A22ddfED7833bA0d7cE3,0xb239bd2216D1c8476f601e0d9b5FfAD556C59Cc4,BackedOracle,MAX_TIMESTAMP_AGE,76670d7a,view,[],"[{""name"": """", ""type"": ""uint32"", ""position"": 1}]"
0x83Ec02059F686E747392A22ddfED7833bA0d7cE3,0xb239bd2216D1c8476f601e0d9b5FfAD556C59Cc4,BackedOracle,MIN_UPDATE_INTERVAL,bd3be27c,view,[],"[{""name"": """", ""type"": ""uint32"", ""position"": 1}]"
0x83Ec02059F686E747392A22ddfED7833bA0d7cE3,0xb239bd2216D1c8476f601e0d9b5FfAD556C59Cc4,BackedOracle,UPDATER_ROLE,47e63380,view,[],"[{""name"": """", ""type"": ""bytes32"", ""position"": 1}]"
0x83Ec02059F686E747392A22ddfED7833bA0d7cE3,0xb239bd2216D1c8476f601e0d9b5FfAD556C59Cc4,BackedOracle,VERSION,ffa1ad74,view,[],"[{""name"": """", ""type"": ""uint8"", ""position"": 1}]"
0x83Ec02059F686E747392A22ddfED7833bA0d7cE3,0xb239bd2216D1c8476f601e0d9b5FfAD556C59Cc4,BackedOracle,decimals,313ce567,view,[],"[{""name"": """", ""type"": ""uint8"", ""position"": 1}]"
0x83Ec02059F686E747392A22ddfED7833bA0d7cE3,0xb239bd2216D1c8476f601e0d9b5FfAD556C59Cc4,BackedOracle,description,7284e416,view,[],"[{""name"": """", ""type"": ""string"", ""position"": 1}]"
0x83Ec02059F686E747392A22ddfED7833bA0d7cE3,0xb239bd2216D1c8476f601e0d9b5FfAD556C59Cc4,BackedOracle,getAnswer,b5ab58dc,view,"[{""name"": ""roundId"", ""type"": ""uint256"", ""position"": 1}]","[{""name"": """", ""type"": ""int256"", ""position"": 1}]"
0x83Ec02059F686E747392A22ddfED7833bA0d7cE3,0xb239bd2216D1c8476f601e0d9b5FfAD556C59Cc4,BackedOracle,getRoleAdmin,248a9ca3,view,"[{""name"": ""role"", ""type"": ""bytes32"", ""position"": 1}]","[{""name"": """", ""type"": ""bytes32"", ""position"": 1}]"
0x83Ec02059F686E747392A22ddfED7833bA0d7cE3,0xb239bd2216D1c8476f601e0d9b5FfAD556C59Cc4,BackedOracle,getRoundData,9a6fc8f5,view,"[{""name"": ""roundId"", ""type"": ""uint80"", ""position"": 1}]","[{""name"": """", ""type"": ""uint80"", ""position"": 1}, {""name"": """", ""type"": ""int256"", ""position"": 2}, {""name"": """", ""type"": ""uint256"", ""position"": 3}, {""name"": """", ""type"": ""uint256"", ""position"": 4}, {""name"": """", ""type"": ""uint80"", ""position"": 5}]"
0x83Ec02059F686E747392A22ddfED7833bA0d7cE3,0xb239bd2216D1c8476f601e0d9b5FfAD556C59Cc4,BackedOracle,getTimestamp,b633620c,view,"[{""name"": ""roundId"", ""type"": ""uint256"", ""position"": 1}]","[{""name"": """", ""type"": ""uint256"", ""position"": 1}]"
0x83Ec02059F686E747392A22ddfED7833bA0d7cE3,0xb239bd2216D1c8476f601e0d9b5FfAD556C59Cc4,BackedOracle,grantRole,2f2ff15d,nonpayable,"[{""name"": ""role"", ""type"": ""bytes32"", ""position"": 1}, {""name"": ""account"", ""type"": ""address"", ""position"": 2}]",[]
0x83Ec02059F686E747392A22ddfED7833bA0d7cE3,0xb239bd2216D1c8476f601e0d9b5FfAD556C59Cc4,BackedOracle,hasRole,91d14854,view,"[{""name"": ""role"", ""type"": ""bytes32"", ""position"": 1}, {""name"": ""account"", ""type"": ""address"", ""position"": 2}]","[{""name"": """", ""type"": ""bool"", ""position"": 1}]"
0x83Ec02059F686E747392A22ddfED7833bA0d7cE3,0xb239bd2216D1c8476f601e0d9b5FfAD556C59Cc4,BackedOracle,initialize,f4a29067,nonpayable,"[{""name"": ""__decimals"", ""type"": ""uint8"", ""position"": 1}, {""name"": ""__description"", ""type"": ""string"", ""position"": 2}, {""name"": ""__admin"", ""type"": ""address"", ""position"": 3}, {""name"": ""__updater"", ""type"": ""address"", ""position"": 4}]",[]
0x83Ec02059F686E747392A22ddfED7833bA0d7cE3,0xb239bd2216D1c8476f601e0d9b5FfAD556C59Cc4,BackedOracle,latestAnswer,50d25bcd,view,[],"[{""name"": """", ""type"": ""int256"", ""position"": 1}]"
0x83Ec02059F686E747392A22ddfED7833bA0d7cE3,0xb239bd2216D1c8476f601e0d9b5FfAD556C59Cc4,BackedOracle,latestRound,668a0f02,view,[],"[{""name"": """", ""type"": ""uint256"", ""position"": 1}]"
0x83Ec02059F686E747392A22ddfED7833bA0d7cE3,0xb239bd2216D1c8476f601e0d9b5FfAD556C59Cc4,BackedOracle,latestRoundData,feaf968c,view,[],"[{""name"": """", ""type"": ""uint80"", ""position"": 1}, {""name"": """", ""type"": ""int256"", ""position"": 2}, {""name"": """", ""type"": ""uint256"", ""position"": 3}, {""name"": """", ""type"": ""uint256"", ""position"": 4}, {""name"": """", ""type"": ""uint80"", ""position"": 5}]"
0x83Ec02059F686E747392A22ddfED7833bA0d7cE3,0xb239bd2216D1c8476f601e0d9b5FfAD556C59Cc4,BackedOracle,latestTimestamp,8205bf6a,view,[],"[{""name"": """", ""type"": ""uint256"", ""position"": 1}]"
0x83Ec02059F686E747392A22ddfED7833bA0d7cE3,0xb239bd2216D1c8476f601e0d9b5FfAD556C59Cc4,BackedOracle,renounceRole,36568abe,nonpayable,"[{""name"": ""role"", ""type"": ""bytes32"", ""position"": 1}, {""name"": ""account"", ""type"": ""address"", ""position"": 2}]",[]
0x83Ec02059F686E747392A22ddfED7833bA0d7cE3,0xb239bd2216D1c8476f601e0d9b5FfAD556C59Cc4,BackedOracle,revokeRole,d547741f,nonpayable,"[{""name"": ""role"", ""type"": ""bytes32"", ""position"": 1}, {""name"": ""account"", ""type"": ""address"", ""position"": 2}]",[]
0x83Ec02059F686E747392A22ddfED7833bA0d7cE3,0xb239bd2216D1c8476f601e0d9b5FfAD556C59Cc4,BackedOracle,supportsInterface,01ffc9a7,view,"[{""name"": ""interfaceId"", ""type"": ""bytes4"", ""position"": 1}]","[{""name"": """", ""type"": ""bool"", ""position"": 1}]"
0x83Ec02059F686E747392A22ddfED7833bA0d7cE3,0xb239bd2216D1c8476f601e0d9b5FfAD556C59Cc4,BackedOracle,updateAnswer,309676e9,nonpayable,"[{""name"": ""newAnswer"", ""type"": ""int192"", ""position"": 1}, {""name"": ""newTimestamp"", ""type"": ""uint32"", ""position"": 2}]",[]
0x83Ec02059F686E747392A22ddfED7833bA0d7cE3,0xb239bd2216D1c8476f601e0d9b5FfAD556C59Cc4,BackedOracle,version,54fd4d50,view,[],"[{""name"": """", ""type"": ""uint256"", ""position"": 1}]"
0x9e8e794ad6ecdb6d5c7eabe059d30e907f58859b,,BackedOracle,decimals,313ce567,view,[],"[{""name"": """", ""type"": ""uint8"", ""position"": 1}]"
0x9e8e794ad6ecdb6d5c7eabe059d30e907f58859b,,BackedOracle,description,7284e416,view,[],"[{""name"": """", ""type"": ""string"", ""position"": 1}]"
0x9e8e794ad6ecdb6d5c7eabe059d30e907f58859b,,BackedOracle,getAnswer,b5ab58dc,view,"[{""name"": ""roundId"", ""type"": ""uint256"", ""position"": 1}]","[{""name"": """", ""type"": ""int256"", ""position"": 1}]"
0x9e8e794ad6ecdb6d5c7eabe059d30e907f58859b,,BackedOracle,getRoundData,9a6fc8f5,view,"[{""name"": ""roundId"", ""type"": ""uint80"", ""position"": 1}]","[{""name"": """", ""type"": ""uint80"", ""position"": 1}, {""name"": """", ""type"": ""int256"", ""position"": 2}, {""name"": """", ""type"": ""uint256"", ""position"": 3}, {""name"": """", ""type"": ""uint256"", ""position"": 4}, {""name"": """", ""type"": ""uint80"", ""position"": 5}]"
0x9e8e794ad6ecdb6d5c7eabe059d30e907f58859b,,BackedOracle,getTimestamp,b633620c,view,"[{""name"": ""roundId"", ""type"": ""uint256"", ""position"": 1}]","[{""name"": """", ""type"": ""uint256"", ""position"": 1}]"
0x9e8e794ad6ecdb6d5c7eabe059d30e907f58859b,,BackedOracle,latestAnswer,50d25bcd,view,[],"[{""name"": """", ""type"": ""int256"", ""position"": 1}]"
0x9e8e794ad6ecdb6d5c7eabe059d30e907f58859b,,BackedOracle,latestRound,668a0f02,view,[],"[{""name"": """", ""type"": ""uint256"", ""position"": 1}]"
0x9e8e794ad6ecdb6d5c7eabe059d30e907f58859b,,BackedOracle,latestRoundData,feaf968c,view,[],"[{""name"": """", ""type"": ""uint80"", ""position"": 1}, {""name"": """", ""type"": ""int256"", ""position"": 2}, {""name"": """", ""type"": ""uint256"", ""position"": 3}, {""name"": """", ""type"": ""uint256"", ""position"": 4}, {""name"": """", ""type"": ""uint80"", ""position"": 5}]"
0x9e8e794ad6ecdb6d5c7eabe059d30e907f58859b,,BackedOracle,latestTimestamp,8205bf6a,view,[],"[{""name"": """", ""type"": ""uint256"", ""position"": 1}]"
0x9e8e794ad6ecdb6d5c7eabe059d30e907f58859b,,BackedOracle,owner,8da5cb5b,view,[],"[{""name"": """", ""type"": ""address"", ""position"": 1}]"
0x9e8e794ad6ecdb6d5c7eabe059d30e907f58859b,,BackedOracle,renounceOwnership,715018a6,nonpayable,[],[]
0x9e8e794ad6ecdb6d5c7eabe059d30e907f58859b,,BackedOracle,transferOwnership,f2fde38b,nonpayable,"[{""name"": ""newOwner"", ""type"": ""address"", ""position"": 1}]",[]
0x9e8e794ad6ecdb6d5c7eabe059d30e907f58859b,,BackedOracle,updateAnswer,e849a2eb,nonpayable,"[{""name"": ""newAnswer"", ""type"": ""int192"", ""position"": 1}, {""name"": ""newTimestamp"", ""type"": ""uint32"", ""position"": 2}, {""name"": ""newRound"", ""type"": ""uint32"", ""position"": 3}]",[]
0x9f9953d8a2c5366f098754d48f2d69b144ce03da,,BackedOracle,decimals,313ce567,view,[],"[{""name"": """", ""type"": ""uint8"", ""position"": 1}]"
0x9f9953d8a2c5366f098754d48f2d69b144ce03da,,BackedOracle,description,7284e416,view,[],"[{""name"": """", ""type"": ""string"", ""position"": 1}]"
0x9f9953d8a2c5366f098754d48f2d69b144ce03da,,BackedOracle,getAnswer,b5ab58dc,view,"[{""name"": ""roundId"", ""type"": ""uint256"", ""position"": 1}]","[{""name"": """", ""type"": ""int256"", ""position"": 1}]"
0x9f9953d8a2c5366f098754d48f2d69b144ce03da,,BackedOracle,getRoundData,9a6fc8f5,view,"[{""name"": ""roundId"", ""type"": ""uint80"", ""position"": 1}]","[{""name"": """", ""type"": ""uint80"", ""position"": 1}, {""name"": """", ""type"": ""int256"", ""position"": 2}, {""name"": """", ""type"": ""uint256"", ""position"": 3}, {""name"": """", ""type"": ""uint256"", ""position"": 4}, {""name"": """", ""type"": ""uint80"", ""position"": 5}]"
0x9f9953d8a2c5366f098754d48f2d69b144ce03da,,BackedOracle,getTimestamp,b633620c,view,"[{""name"": ""roundId"", ""type"": ""uint256"", ""position"": 1}]","[{""name"": """", ""type"": ""uint256"", ""position"": 1}]"
0x9f9953d8a2c5366f098754d48f2d69b144ce03da,,BackedOracle,latestAnswer,50d25bcd,view,[],"[{""name"": """", ""type"": ""int256"", ""position"": 1}]"
0x9f9953d8a2c5366f098754d48f2d69b144ce03da,,BackedOracle,latestRound,668a0f02,view,[],"[{""name"": """", ""type"": ""uint256"", ""position"": 1}]"
0x9f9953d8a2c5366f098754d48f2d69b144ce03da,,BackedOracle,latestRoundData,feaf968c,view,[],"[{""name"": """", ""type"": ""uint80"", ""position"": 1}, {""name"": """", ""type"": ""int256"", ""position"": 2}, {""name"": """", ""type"": ""uint256"", ""position"": 3}, {""name"": """", ""type"": ""uint256"", ""position"": 4}, {""name"": """", ""type"": ""uint80"", ""position"": 5}]"
0x9f9953d8a2c5366f098754d48f2d69b144ce03da,,BackedOracle,latestTimestamp,8205bf6a,view,[],"[{""name"": """", ""type"": ""uint256"", ""position"": 1}]"
0x9f9953d8a2c5366f098754d48f2d69b144ce03da,,BackedOracle,owner,8da5cb5b,view,[],"[{""name"": """", ""type"": ""address"", ""position"": 1}]"
0x9f9953d8a2c5366f098754d48f2d69b144ce03da,,BackedOracle,renounceOwnership,715018a6,nonpayable,[],[]
0x9f9953d8a2c5366f098754d48f2d69b144ce03da,,BackedOracle,transferOwnership,f2fde38b,nonpayable,"[{""name"": ""newOwner"", ""type"": ""address"", ""position"": 1}]",[]
0x9f9953d8a2c5366f098754d48f2d69b144ce03da,,BackedOracle,updateAnswer,e849a2eb,nonpayable,"[{""name"": ""newAnswer"", ""type"": ""int192"", ""position"": 1}, {""name"": ""newTimestamp"", ""type"": ""uint32"", ""position"": 2}, {""name"": ""newRound"", ""type"": ""uint32"", ""position"": 3}]",[]
0xA27566fD89162cC3D40Cb59c87AAaA49B85F3474,,NameRegistry,DEFAULT_CIRCLES_NAME_PREFIX,1455d1e6,view,[],"[{""name"": """", ""type"": ""string"", ""position"": 1}]"
0xA27566fD89162cC3D40Cb59c87AAaA49B85F3474,,NameRegistry,DEFAULT_CIRCLES_SYMBOL,48f813b5,view,[],"[{""name"": """", ""type"": ""string"", ""position"": 1}]"
0xA27566fD89162cC3D40Cb59c87AAaA49B85F3474,,NameRegistry,MAX_SHORT_NAME,98245b0c,view,[],"[{""name"": """", ""type"": ""uint72"", ""position"": 1}]"
0xA27566fD89162cC3D40Cb59c87AAaA49B85F3474,,NameRegistry,avatarToMetaDataDigest,4068e58d,view,"[{""name"": """", ""type"": ""address"", ""position"": 1}]","[{""name"": """", ""type"": ""bytes32"", ""position"": 1}]"
0xA27566fD89162cC3D40Cb59c87AAaA49B85F3474,,NameRegistry,calculateShortNameWithNonce,dc03a0f3,pure,"[{""name"": ""_avatar"", ""type"": ""address"", ""position"": 1}, {""name"": ""_nonce"", ""type"": ""uint256"", ""position"": 2}]","[{""name"": ""shortName_"", ""type"": ""uint72"", ""position"": 1}]"
0xA27566fD89162cC3D40Cb59c87AAaA49B85F3474,,NameRegistry,customNames,5dabbfa7,view,"[{""name"": """", ""type"": ""address"", ""position"": 1}]","[{""name"": """", ""type"": ""string"", ""position"": 1}]"
0xA27566fD89162cC3D40Cb59c87AAaA49B85F3474,,NameRegistry,customSymbols,3bb7b6c5,view,"[{""name"": """", ""type"": ""address"", ""position"": 1}]","[{""name"": """", ""type"": ""string"", ""position"": 1}]"
0xA27566fD89162cC3D40Cb59c87AAaA49B85F3474,,NameRegistry,getMetadataDigest,28898d0a,view,"[{""name"": ""_avatar"", ""type"": ""address"", ""position"": 1}]","[{""name"": """", ""type"": ""bytes32"", ""position"": 1}]"
0xA27566fD89162cC3D40Cb59c87AAaA49B85F3474,,NameRegistry,hub,365a86fc,view,[],"[{""name"": """", ""type"": ""address"", ""position"": 1}]"
0xA27566fD89162cC3D40Cb59c87AAaA49B85F3474,,NameRegistry,isValidName,1e30397f,pure,"[{""name"": ""_name"", ""type"": ""string"", ""position"": 1}]","[{""name"": """", ""type"": ""bool"", ""position"": 1}]"
0xA27566fD89162cC3D40Cb59c87AAaA49B85F3474,,NameRegistry,isValidSymbol,8fd4f71a,pure,"[{""name"": ""_symbol"", ""type"": ""string"", ""position"": 1}]","[{""name"": """", ""type"": ""bool"", ""position"": 1}]"
0xA27566fD89162cC3D40Cb59c87AAaA49B85F3474,,NameRegistry,name,01984892,view,"[{""name"": ""_avatar"", ""type"": ""address"", ""position"": 1}]","[{""name"": """", ""type"": ""string"", ""position"": 1}]"
0xA27566fD89162cC3D40Cb59c87AAaA49B85F3474,,NameRegistry,registerCustomName,d1998893,nonpayable,"[{""name"": ""_avatar"", ""type"": ""address"", ""position"": 1}, {""name"": ""_name"", ""type"": ""string"", ""position"": 2}]",[]
0xA27566fD89162cC3D40Cb59c87AAaA49B85F3474,,NameRegistry,registerCustomSymbol,e27871dd,nonpayable,"[{""name"": ""_avatar"", ""type"": ""address"", ""position"": 1}, {""name"": ""_symbol"", ""type"": ""string"", ""position"": 2}]",[]
0xA27566fD89162cC3D40Cb59c87AAaA49B85F3474,,NameRegistry,registerShortName,829c0fde,nonpayable,[],[]
0xA27566fD89162cC3D40Cb59c87AAaA49B85F3474,,NameRegistry,registerShortNameWithNonce,c5a5688c,nonpayable,"[{""name"": ""_nonce"", ""type"": ""uint256"", ""position"": 1}]",[]
0xA27566fD89162cC3D40Cb59c87AAaA49B85F3474,,NameRegistry,searchShortName,e9973f7c,view,"[{""name"": ""_avatar"", ""type"": ""address"", ""position"": 1}]","[{""name"": ""shortName_"", ""type"": ""uint72"", ""position"": 1}, {""name"": ""nonce_"", ""type"": ""uint256"", ""position"": 2}]"
0xA27566fD89162cC3D40Cb59c87AAaA49B85F3474,,NameRegistry,setMetadataDigest,e44b8c35,nonpayable,"[{""name"": ""_avatar"", ""type"": ""address"", ""position"": 1}, {""name"": ""_metadataDigest"", ""type"": ""bytes32"", ""position"": 2}]",[]
0xA27566fD89162cC3D40Cb59c87AAaA49B85F3474,,NameRegistry,shortNameToAvatar,4a4b8ae3,view,"[{""name"": """", ""type"": ""uint72"", ""position"": 1}]","[{""name"": """", ""type"": ""address"", ""position"": 1}]"
0xA27566fD89162cC3D40Cb59c87AAaA49B85F3474,,NameRegistry,shortNames,013046ae,view,"[{""name"": """", ""type"": ""address"", ""position"": 1}]","[{""name"": """", ""type"": ""uint72"", ""position"": 1}]"
0xA27566fD89162cC3D40Cb59c87AAaA49B85F3474,,NameRegistry,symbol,a86e3576,view,"[{""name"": ""_avatar"", ""type"": ""address"", ""position"": 1}]","[{""name"": """", ""type"": ""string"", ""position"": 1}]"
0xA27566fD89162cC3D40Cb59c87AAaA49B85F3474,,NameRegistry,updateMetadataDigest,3857d9d7,nonpayable,"[{""name"": ""_metadataDigest"", ""type"": ""bytes32"", ""position"": 1}]",[]
0xC8429803DCdA7DF86822aB173ea285C10BF1EB66,,TransparentUpgradeableProxy,admin,f851a440,nonpayable,[],"[{""name"": ""admin_"", ""type"": ""address"", ""position"": 1}]"
0xC8429803DCdA7DF86822aB173ea285C10BF1EB66,,TransparentUpgradeableProxy,changeAdmin,8f283970,nonpayable,"[{""name"": ""newAdmin"", ""type"": ""address"", ""position"": 1}]",[]
0xC8429803DCdA7DF86822aB173ea285C10BF1EB66,,TransparentUpgradeableProxy,implementation,5c60da1b,nonpayable,[],"[{""name"": ""implementation_"", ""type"": ""address"", ""position"": 1}]"
0xC8429803DCdA7DF86822aB173ea285C10BF1EB66,,TransparentUpgradeableProxy,upgradeTo,3659cfe6,nonpayable,"[{""name"": ""newImplementation"", ""type"": ""address"", ""position"": 1}]",[]
0xC8429803DCdA7DF86822aB173ea285C10BF1EB66,,TransparentUpgradeableProxy,upgradeToAndCall,4f1ef286,payable,"[{""name"": ""newImplementation"", ""type"": ""address"", ""position"": 1}, {""name"": ""data"", ""type"": ""bytes"", ""position"": 2}]",[]
0xC8429803DCdA7DF86822aB173ea285C10BF1EB66,0xb239bd2216D1c8476f601e0d9b5FfAD556C59Cc4,BackedOracle,DEFAULT_ADMIN_ROLE,a217fddf,view,[],"[{""name"": """", ""type"": ""bytes32"", ""position"": 1}]"
0xC8429803DCdA7DF86822aB173ea285C10BF1EB66,0xb239bd2216D1c8476f601e0d9b5FfAD556C59Cc4,BackedOracle,MAX_PERCENT_DIFFERENCE,8a991dd1,view,[],"[{""name"": """", ""type"": ""uint8"", ""position"": 1}]"
0xC8429803DCdA7DF86822aB173ea285C10BF1EB66,0xb239bd2216D1c8476f601e0d9b5FfAD556C59Cc4,BackedOracle,MAX_TIMESTAMP_AGE,76670d7a,view,[],"[{""name"": """", ""type"": ""uint32"", ""position"": 1}]"
0xC8429803DCdA7DF86822aB173ea285C10BF1EB66,0xb239bd2216D1c8476f601e0d9b5FfAD556C59Cc4,BackedOracle,MIN_UPDATE_INTERVAL,bd3be27c,view,[],"[{""name"": """", ""type"": ""uint32"", ""position"": 1}]"
0xC8429803DCdA7DF86822aB173ea285C10BF1EB66,0xb239bd2216D1c8476f601e0d9b5FfAD556C59Cc4,BackedOracle,UPDATER_ROLE,47e63380,view,[],"[{""name"": """", ""type"": ""bytes32"", ""position"": 1}]"
0xC8429803DCdA7DF86822aB173ea285C10BF1EB66,0xb239bd2216D1c8476f601e0d9b5FfAD556C59Cc4,BackedOracle,VERSION,ffa1ad74,view,[],"[{""name"": """", ""type"": ""uint8"", ""position"": 1}]"
0xC8429803DCdA7DF86822aB173ea285C10BF1EB66,0xb239bd2216D1c8476f601e0d9b5FfAD556C59Cc4,BackedOracle,decimals,313ce567,view,[],"[{""name"": """", ""type"": ""uint8"", ""position"": 1}]"
0xC8429803DCdA7DF86822aB173ea285C10BF1EB66,0xb239bd2216D1c8476f601e0d9b5FfAD556C59Cc4,BackedOracle,description,7284e416,view,[],"[{""name"": """", ""type"": ""string"", ""position"": 1}]"
0xC8429803DCdA7DF86822aB173ea285C10BF1EB66,0xb239bd2216D1c8476f601e0d9b5FfAD556C59Cc4,BackedOracle,getAnswer,b5ab58dc,view,"[{""name"": ""roundId"", ""type"": ""uint256"", ""position"": 1}]","[{""name"": """", ""type"": ""int256"", ""position"": 1}]"
0xC8429803DCdA7DF86822aB173ea285C10BF1EB66,0xb239bd2216D1c8476f601e0d9b5FfAD556C59Cc4,BackedOracle,getRoleAdmin,248a9ca3,view,"[{""name"": ""role"", ""type"": ""bytes32"", ""position"": 1}]","[{""name"": """", ""type"": ""bytes32"", ""position"": 1}]"
0xC8429803DCdA7DF86822aB173ea285C10BF1EB66,0xb239bd2216D1c8476f601e0d9b5FfAD556C59Cc4,BackedOracle,getRoundData,9a6fc8f5,view,"[{""name"": ""roundId"", ""type"": ""uint80"", ""position"": 1}]","[{""name"": """", ""type"": ""uint80"", ""position"": 1}, {""name"": """", ""type"": ""int256"", ""position"": 2}, {""name"": """", ""type"": ""uint256"", ""position"": 3}, {""name"": """", ""type"": ""uint256"", ""position"": 4}, {""name"": """", ""type"": ""uint80"", ""position"": 5}]"
0xC8429803DCdA7DF86822aB173ea285C10BF1EB66,0xb239bd2216D1c8476f601e0d9b5FfAD556C59Cc4,BackedOracle,getTimestamp,b633620c,view,"[{""name"": ""roundId"", ""type"": ""uint256"", ""position"": 1}]","[{""name"": """", ""type"": ""uint256"", ""position"": 1}]"
0xC8429803DCdA7DF86822aB173ea285C10BF1EB66,0xb239bd2216D1c8476f601e0d9b5FfAD556C59Cc4,BackedOracle,grantRole,2f2ff15d,nonpayable,"[{""name"": ""role"", ""type"": ""bytes32"", ""position"": 1}, {""name"": ""account"", ""type"": ""address"", ""position"": 2}]",[]
0xC8429803DCdA7DF86822aB173ea285C10BF1EB66,0xb239bd2216D1c8476f601e0d9b5FfAD556C59Cc4,BackedOracle,hasRole,91d14854,view,"[{""name"": ""role"", ""type"": ""bytes32"", ""position"": 1}, {""name"": ""account"", ""type"": ""address"", ""position"": 2}]","[{""name"": """", ""type"": ""bool"", ""position"": 1}]"
0xC8429803DCdA7DF86822aB173ea285C10BF1EB66,0xb239bd2216D1c8476f601e0d9b5FfAD556C59Cc4,BackedOracle,initialize,f4a29067,nonpayable,"[{""name"": ""__decimals"", ""type"": ""uint8"", ""position"": 1}, {""name"": ""__description"", ""type"": ""string"", ""position"": 2}, {""name"": ""__admin"", ""type"": ""address"", ""position"": 3}, {""name"": ""__updater"", ""type"": ""address"", ""position"": 4}]",[]
0xC8429803DCdA7DF86822aB173ea285C10BF1EB66,0xb239bd2216D1c8476f601e0d9b5FfAD556C59Cc4,BackedOracle,latestAnswer,50d25bcd,view,[],"[{""name"": """", ""type"": ""int256"", ""position"": 1}]"
0xC8429803DCdA7DF86822aB173ea285C10BF1EB66,0xb239bd2216D1c8476f601e0d9b5FfAD556C59Cc4,BackedOracle,latestRound,668a0f02,view,[],"[{""name"": """", ""type"": ""uint256"", ""position"": 1}]"
0xC8429803DCdA7DF86822aB173ea285C10BF1EB66,0xb239bd2216D1c8476f601e0d9b5FfAD556C59Cc4,BackedOracle,latestRoundData,feaf968c,view,[],"[{""name"": """", ""type"": ""uint80"", ""position"": 1}, {""name"": """", ""type"": ""int256"", ""position"": 2}, {""name"": """", ""type"": ""uint256"", ""position"": 3}, {""name"": """", ""type"": ""uint256"", ""position"": 4}, {""name"": """", ""type"": ""uint80"", ""position"": 5}]"
0xC8429803DCdA7DF86822aB173ea285C10BF1EB66,0xb239bd2216D1c8476f601e0d9b5FfAD556C59Cc4,BackedOracle,latestTimestamp,8205bf6a,view,[],"[{""name"": """", ""type"": ""uint256"", ""position"": 1}]"
0xC8429803DCdA7DF86822aB173ea285C10BF1EB66,0xb239bd2216D1c8476f601e0d9b5FfAD556C59Cc4,BackedOracle,renounceRole,36568abe,nonpayable,"[{""name"": ""role"", ""type"": ""bytes32"", ""position"": 1}, {""name"": ""account"", ""type"": ""address"", ""position"": 2}]",[]
0xC8429803DCdA7DF86822aB173ea285C10BF1EB66,0xb239bd2216D1c8476f601e0d9b5FfAD556C59Cc4,BackedOracle,revokeRole,d547741f,nonpayable,"[{""name"": ""role"", ""type"": ""bytes32"", ""position"": 1}, {""name"": ""account"", ""type"": ""address"", ""position"": 2}]",[]
0xC8429803DCdA7DF86822aB173ea285C10BF1EB66,0xb239bd2216D1c8476f601e0d9b5FfAD556C59Cc4,BackedOracle,supportsInterface,01ffc9a7,view,"[{""name"": ""interfaceId"", ""type"": ""bytes4"", ""position"": 1}]","[{""name"": """", ""type"": ""bool"", ""position"": 1}]"
0xC8429803DCdA7DF86822aB173ea285C10BF1EB66,0xb239bd2216D1c8476f601e0d9b5FfAD556C59Cc4,BackedOracle,updateAnswer,309676e9,nonpayable,"[{""name"": ""newAnswer"", ""type"": ""int192"", ""position"": 1}, {""name"": ""newTimestamp"", ""type"": ""uint32"", ""position"": 2}]",[]
0xC8429803DCdA7DF86822aB173ea285C10BF1EB66,0xb239bd2216D1c8476f601e0d9b5FfAD556C59Cc4,BackedOracle,version,54fd4d50,view,[],"[{""name"": """", ""type"": ""uint256"", ""position"": 1}]"
0xaf204776c7245bF4147c2612BF6e5972Ee483701,,SavingsXDai,DOMAIN_SEPARATOR,3644e515,view,[],"[{""name"": """", ""type"": ""bytes32"", ""position"": 1}]"
0xaf204776c7245bF4147c2612BF6e5972Ee483701,,SavingsXDai,PERMIT_TYPEHASH,30adf81f,view,[],"[{""name"": """", ""type"": ""bytes32"", ""position"": 1}]"
0xaf204776c7245bF4147c2612BF6e5972Ee483701,,SavingsXDai,VERSION,ffa1ad74,view,[],"[{""name"": """", ""type"": ""string"", ""position"": 1}]"
0xaf204776c7245bF4147c2612BF6e5972Ee483701,,SavingsXDai,allowance,dd62ed3e,view,"[{""name"": ""owner"", ""type"": ""address"", ""position"": 1}, {""name"": ""spender"", ""type"": ""address"", ""position"": 2}]","[{""name"": """", ""type"": ""uint256"", ""position"": 1}]"
0xaf204776c7245bF4147c2612BF6e5972Ee483701,,SavingsXDai,approve,095ea7b3,nonpayable,"[{""name"": ""spender"", ""type"": ""address"", ""position"": 1}, {""name"": ""value"", ""type"": ""uint256"", ""position"": 2}]","[{""name"": """", ""type"": ""bool"", ""position"": 1}]"
0xaf204776c7245bF4147c2612BF6e5972Ee483701,,SavingsXDai,asset,38d52e0f,view,[],"[{""name"": """", ""type"": ""address"", ""position"": 1}]"
0xaf204776c7245bF4147c2612BF6e5972Ee483701,,SavingsXDai,balanceOf,70a08231,view,"[{""name"": ""account"", ""type"": ""address"", ""position"": 1}]","[{""name"": """", ""type"": ""uint256"", ""position"": 1}]"
0xaf204776c7245bF4147c2612BF6e5972Ee483701,,SavingsXDai,convertToAssets,07a2d13a,view,"[{""name"": ""shares"", ""type"": ""uint256"", ""position"": 1}]","[{""name"": """", ""type"": ""uint256"", ""position"": 1}]"
0xaf204776c7245bF4147c2612BF6e5972Ee483701,,SavingsXDai,convertToShares,c6e6f592,view,"[{""name"": ""assets"", ""type"": ""uint256"", ""position"": 1}]","[{""name"": """", ""type"": ""uint256"", ""position"": 1}]"
0xaf204776c7245bF4147c2612BF6e5972Ee483701,,SavingsXDai,decimals,313ce567,view,[],"[{""name"": """", ""type"": ""uint8"", ""position"": 1}]"
0xaf204776c7245bF4147c2612BF6e5972Ee483701,,SavingsXDai,decreaseAllowance,a457c2d7,nonpayable,"[{""name"": ""spender"", ""type"": ""address"", ""position"": 1}, {""name"": ""requestedDecrease"", ""type"": ""uint256"", ""position"": 2}]","[{""name"": """", ""type"": ""bool"", ""position"": 1}]"
0xaf204776c7245bF4147c2612BF6e5972Ee483701,,SavingsXDai,deploymentChainId,cd0d0096,view,[],"[{""name"": """", ""type"": ""uint256"", ""position"": 1}]"
0xaf204776c7245bF4147c2612BF6e5972Ee483701,,SavingsXDai,deposit,6e553f65,nonpayable,"[{""name"": ""assets"", ""type"": ""uint256"", ""position"": 1}, {""name"": ""receiver"", ""type"": ""address"", ""position"": 2}]","[{""name"": """", ""type"": ""uint256"", ""position"": 1}]"
0xaf204776c7245bF4147c2612BF6e5972Ee483701,,SavingsXDai,eip712Domain,84b0196e,view,[],"[{""name"": ""fields"", ""type"": ""bytes1"", ""position"": 1}, {""name"": ""name"", ""type"": ""string"", ""position"": 2}, {""name"": ""version"", ""type"": ""string"", ""position"": 3}, {""name"": ""chainId"", ""type"": ""uint256"", ""position"": 4}, {""name"": ""verifyingContract"", ""type"": ""address"", ""position"": 5}, {""name"": ""salt"", ""type"": ""bytes32"", ""position"": 6}, {""name"": ""extensions"", ""type"": ""uint256[]"", ""position"": 7}]"
0xaf204776c7245bF4147c2612BF6e5972Ee483701,,SavingsXDai,increaseAllowance,39509351,nonpayable,"[{""name"": ""spender"", ""type"": ""address"", ""position"": 1}, {""name"": ""addedValue"", ""type"": ""uint256"", ""position"": 2}]","[{""name"": """", ""type"": ""bool"", ""position"": 1}]"
0xaf204776c7245bF4147c2612BF6e5972Ee483701,,SavingsXDai,maxDeposit,402d267d,view,"[{""name"": """", ""type"": ""address"", ""position"": 1}]","[{""name"": """", ""type"": ""uint256"", ""position"": 1}]"
0xaf204776c7245bF4147c2612BF6e5972Ee483701,,SavingsXDai,maxMint,c63d75b6,view,"[{""name"": """", ""type"": ""address"", ""position"": 1}]","[{""name"": """", ""type"": ""uint256"", ""position"": 1}]"
0xaf204776c7245bF4147c2612BF6e5972Ee483701,,SavingsXDai,maxRedeem,d905777e,view,"[{""name"": ""owner"", ""type"": ""address"", ""position"": 1}]","[{""name"": """", ""type"": ""uint256"", ""position"": 1}]"
0xaf204776c7245bF4147c2612BF6e5972Ee483701,,SavingsXDai,maxWithdraw,ce96cb77,view,"[{""name"": ""owner"", ""type"": ""address"", ""position"": 1}]","[{""name"": """", ""type"": ""uint256"", ""position"": 1}]"
0xaf204776c7245bF4147c2612BF6e5972Ee483701,,SavingsXDai,mint,94bf804d,nonpayable,"[{""name"": ""shares"", ""type"": ""uint256"", ""position"": 1}, {""name"": ""receiver"", ""type"": ""address"", ""position"": 2}]","[{""name"": """", ""type"": ""uint256"", ""position"": 1}]"
0xaf204776c7245bF4147c2612BF6e5972Ee483701,,SavingsXDai,name,06fdde03,view,[],"[{""name"": """", ""type"": ""string"", ""position"": 1}]"
0xaf204776c7245bF4147c2612BF6e5972Ee483701,,SavingsXDai,nonces,7ecebe00,view,"[{""name"": ""owner"", ""type"": ""address"", ""position"": 1}]","[{""name"": """", ""type"": ""uint256"", ""position"": 1}]"
0xaf204776c7245bF4147c2612BF6e5972Ee483701,,SavingsXDai,permit,9fd5a6cf,nonpayable,"[{""name"": ""owner"", ""type"": ""address"", ""position"": 1}, {""name"": ""spender"", ""type"": ""address"", ""position"": 2}, {""name"": ""value"", ""type"": ""uint256"", ""position"": 3}, {""name"": ""deadline"", ""type"": ""uint256"", ""position"": 4}, {""name"": ""signature"", ""type"": ""bytes"", ""position"": 5}]",[]
0xaf204776c7245bF4147c2612BF6e5972Ee483701,,SavingsXDai,permit,d505accf,nonpayable,"[{""name"": ""owner"", ""type"": ""address"", ""position"": 1}, {""name"": ""spender"", ""type"": ""address"", ""position"": 2}, {""name"": ""value"", ""type"": ""uint256"", ""position"": 3}, {""name"": ""deadline"", ""type"": ""uint256"", ""position"": 4}, {""name"": ""v"", ""type"": ""uint8"", ""position"": 5}, {""name"": ""r"", ""type"": ""bytes32"", ""position"": 6}, {""name"": ""s"", ""type"": ""bytes32"", ""position"": 7}]",[]
0xaf204776c7245bF4147c2612BF6e5972Ee483701,,SavingsXDai,previewDeposit,ef8b30f7,view,"[{""name"": ""assets"", ""type"": ""uint256"", ""position"": 1}]","[{""name"": """", ""type"": ""uint256"", ""position"": 1}]"
0xaf204776c7245bF4147c2612BF6e5972Ee483701,,SavingsXDai,previewMint,b3d7f6b9,view,"[{""name"": ""shares"", ""type"": ""uint256"", ""position"": 1}]","[{""name"": """", ""type"": ""uint256"", ""position"": 1}]"
0xaf204776c7245bF4147c2612BF6e5972Ee483701,,SavingsXDai,previewRedeem,4cdad506,view,"[{""name"": ""shares"", ""type"": ""uint256"", ""position"": 1}]","[{""name"": """", ""type"": ""uint256"", ""position"": 1}]"
0xaf204776c7245bF4147c2612BF6e5972Ee483701,,SavingsXDai,previewWithdraw,0a28a477,view,"[{""name"": ""assets"", ""type"": ""uint256"", ""position"": 1}]","[{""name"": """", ""type"": ""uint256"", ""position"": 1}]"
0xaf204776c7245bF4147c2612BF6e5972Ee483701,,SavingsXDai,redeem,ba087652,nonpayable,"[{""name"": ""shares"", ""type"": ""uint256"", ""position"": 1}, {""name"": ""receiver"", ""type"": ""address"", ""position"": 2}, {""name"": ""owner"", ""type"": ""address"", ""position"": 3}]","[{""name"": """", ""type"": ""uint256"", ""position"": 1}]"
0xaf204776c7245bF4147c2612BF6e5972Ee483701,,SavingsXDai,symbol,95d89b41,view,[],"[{""name"": """", ""type"": ""string"", ""position"": 1}]"
0xaf204776c7245bF4147c2612BF6e5972Ee483701,,SavingsXDai,totalAssets,01e1d114,view,[],"[{""name"": """", ""type"": ""uint256"", ""position"": 1}]"
0xaf204776c7245bF4147c2612BF6e5972Ee483701,,SavingsXDai,totalSupply,18160ddd,view,[],"[{""name"": """", ""type"": ""uint256"", ""position"": 1}]"
0xaf204776c7245bF4147c2612BF6e5972Ee483701,,SavingsXDai,transfer,a9059cbb,nonpayable,"[{""name"": ""to"", ""type"": ""address"", ""position"": 1}, {""name"": ""value"", ""type"": ""uint256"", ""position"": 2}]","[{""name"": """", ""type"": ""bool"", ""position"": 1}]"
0xaf204776c7245bF4147c2612BF6e5972Ee483701,,SavingsXDai,transferFrom,23b872dd,nonpayable,"[{""name"": ""from"", ""type"": ""address"", ""position"": 1}, {""name"": ""to"", ""type"": ""address"", ""position"": 2}, {""name"": ""value"", ""type"": ""uint256"", ""position"": 3}]","[{""name"": """", ""type"": ""bool"", ""position"": 1}]"
0xaf204776c7245bF4147c2612BF6e5972Ee483701,,SavingsXDai,withdraw,b460af94,nonpayable,"[{""name"": ""assets"", ""type"": ""uint256"", ""position"": 1}, {""name"": ""receiver"", ""type"": ""address"", ""position"": 2}, {""name"": ""owner"", ""type"": ""address"", ""position"": 3}]","[{""name"": """", ""type"": ""uint256"", ""position"": 1}]"
0xaf204776c7245bF4147c2612BF6e5972Ee483701,,SavingsXDai,wxdai,ff5bc34b,view,[],"[{""name"": """", ""type"": ""address"", ""position"": 1}]"
0xb50201558B00496A145fE76f7424749556E326D8,,InitializableImmutableAdminUpgradeabilityProxy,admin,f851a440,nonpayable,[],"[{""name"": """", ""type"": ""address"", ""position"": 1}]"
0xb50201558B00496A145fE76f7424749556E326D8,,InitializableImmutableAdminUpgradeabilityProxy,implementation,5c60da1b,nonpayable,[],"[{""name"": """", ""type"": ""address"", ""position"": 1}]"
0xb50201558B00496A145fE76f7424749556E326D8,,InitializableImmutableAdminUpgradeabilityProxy,initialize,d1f57894,payable,"[{""name"": ""_logic"", ""type"": ""address"", ""position"": 1}, {""name"": ""_data"", ""type"": ""bytes"", ""position"": 2}]",[]
0xb50201558B00496A145fE76f7424749556E326D8,,InitializableImmutableAdminUpgradeabilityProxy,upgradeTo,3659cfe6,nonpayable,"[{""name"": ""newImplementation"", ""type"": ""address"", ""position"": 1}]",[]
0xb50201558B00496A145fE76f7424749556E326D8,,InitializableImmutableAdminUpgradeabilityProxy,upgradeToAndCall,4f1ef286,payable,"[{""name"": ""newImplementation"", ""type"": ""address"", ""position"": 1}, {""name"": ""data"", ""type"": ""bytes"", ""position"": 2}]",[]
0xc12C1E50ABB450d6205Ea2C3Fa861b3B834d13e8,,Hub,advancedUsageFlags,f796a4af,view,"[{""name"": """", ""type"": ""address"", ""position"": 1}]","[{""name"": """", ""type"": ""bytes32"", ""position"": 1}]"
0xc12C1E50ABB450d6205Ea2C3Fa861b3B834d13e8,,Hub,avatars,edeeb93c,view,"[{""name"": """", ""type"": ""address"", ""position"": 1}]","[{""name"": """", ""type"": ""address"", ""position"": 1}]"
0xc12C1E50ABB450d6205Ea2C3Fa861b3B834d13e8,,Hub,balanceOf,00fdd58e,view,"[{""name"": ""_account"", ""type"": ""address"", ""position"": 1}, {""name"": ""_id"", ""type"": ""uint256"", ""position"": 2}]","[{""name"": """", ""type"": ""uint256"", ""position"": 1}]"
0xc12C1E50ABB450d6205Ea2C3Fa861b3B834d13e8,,Hub,balanceOfBatch,4e1273f4,view,"[{""name"": ""_accounts"", ""type"": ""address[]"", ""position"": 1}, {""name"": ""_ids"", ""type"": ""uint256[]"", ""position"": 2}]","[{""name"": """", ""type"": ""uint256[]"", ""position"": 1}]"
0xc12C1E50ABB450d6205Ea2C3Fa861b3B834d13e8,,Hub,balanceOfOnDay,eb8c2760,view,"[{""name"": ""_account"", ""type"": ""address"", ""position"": 1}, {""name"": ""_id"", ""type"": ""uint256"", ""position"": 2}, {""name"": ""_day"", ""type"": ""uint64"", ""position"": 3}]","[{""name"": ""balanceOnDay_"", ""type"": ""uint256"", ""position"": 1}, {""name"": ""discountCost_"", ""type"": ""uint256"", ""position"": 2}]"
0xc12C1E50ABB450d6205Ea2C3Fa861b3B834d13e8,,Hub,burn,80a5a371,nonpayable,"[{""name"": ""_id"", ""type"": ""uint256"", ""position"": 1}, {""name"": ""_amount"", ""type"": ""uint256"", ""position"": 2}, {""name"": ""_data"", ""type"": ""bytes"", ""position"": 3}]",[]
0xc12C1E50ABB450d6205Ea2C3Fa861b3B834d13e8,,Hub,calculateIssuance,f179c713,view,"[{""name"": ""_human"", ""type"": ""address"", ""position"": 1}]","[{""name"": """", ""type"": ""uint256"", ""position"": 1}, {""name"": """", ""type"": ""uint256"", ""position"": 2}, {""name"": """", ""type"": ""uint256"", ""position"": 3}]"
0xc12C1E50ABB450d6205Ea2C3Fa861b3B834d13e8,,Hub,calculateIssuanceWithCheck,9cd02313,nonpayable,"[{""name"": ""_human"", ""type"": ""address"", ""position"": 1}]","[{""name"": """", ""type"": ""uint256"", ""position"": 1}, {""name"": """", ""type"": ""uint256"", ""position"": 2}, {""name"": """", ""type"": ""uint256"", ""position"": 3}]"
0xc12C1E50ABB450d6205Ea2C3Fa861b3B834d13e8,,Hub,convertDemurrageToInflationaryValue,253dd0b5,pure,"[{""name"": ""_demurrageValue"", ""type"": ""uint256"", ""position"": 1}, {""name"": ""_dayUpdated"", ""type"": ""uint64"", ""position"": 2}]","[{""name"": """", ""type"": ""uint256"", ""position"": 1}]"
0xc12C1E50ABB450d6205Ea2C3Fa861b3B834d13e8,,Hub,convertInflationaryToDemurrageValue,99342aa3,pure,"[{""name"": ""_inflationaryValue"", ""type"": ""uint256"", ""position"": 1}, {""name"": ""_day"", ""type"": ""uint64"", ""position"": 2}]","[{""name"": """", ""type"": ""uint256"", ""position"": 1}]"
0xc12C1E50ABB450d6205Ea2C3Fa861b3B834d13e8,,Hub,day,8ff12b6d,view,"[{""name"": ""_timestamp"", ""type"": ""uint256"", ""position"": 1}]","[{""name"": """", ""type"": ""uint64"", ""position"": 1}]"
0xc12C1E50ABB450d6205Ea2C3Fa861b3B834d13e8,,Hub,groupMint,6cb498e5,nonpayable,"[{""name"": ""_group"", ""type"": ""address"", ""position"": 1}, {""name"": ""_collateralAvatars"", ""type"": ""address[]"", ""position"": 2}, {""name"": ""_amounts"", ""type"": ""uint256[]"", ""position"": 3}, {""name"": ""_data"", ""type"": ""bytes"", ""position"": 4}]",[]
0xc12C1E50ABB450d6205Ea2C3Fa861b3B834d13e8,,Hub,inflationDayZero,7c234d01,view,[],"[{""name"": """", ""type"": ""uint256"", ""position"": 1}]"
0xc12C1E50ABB450d6205Ea2C3Fa861b3B834d13e8,,Hub,invitationOnlyTime,2f01b98b,view,[],"[{""name"": """", ""type"": ""uint256"", ""position"": 1}]"
0xc12C1E50ABB450d6205Ea2C3Fa861b3B834d13e8,,Hub,isApprovedForAll,e985e9c5,view,"[{""name"": ""_account"", ""type"": ""address"", ""position"": 1}, {""name"": ""_operator"", ""type"": ""address"", ""position"": 2}]","[{""name"": """", ""type"": ""bool"", ""position"": 1}]"
0xc12C1E50ABB450d6205Ea2C3Fa861b3B834d13e8,,Hub,isGroup,9e0cc3c4,view,"[{""name"": ""_group"", ""type"": ""address"", ""position"": 1}]","[{""name"": """", ""type"": ""bool"", ""position"": 1}]"
0xc12C1E50ABB450d6205Ea2C3Fa861b3B834d13e8,,Hub,isHuman,f72c436f,view,"[{""name"": ""_human"", ""type"": ""address"", ""position"": 1}]","[{""name"": """", ""type"": ""bool"", ""position"": 1}]"
0xc12C1E50ABB450d6205Ea2C3Fa861b3B834d13e8,,Hub,isOrganization,b1ce8eab,view,"[{""name"": ""_organization"", ""type"": ""address"", ""position"": 1}]","[{""name"": """", ""type"": ""bool"", ""position"": 1}]"
0xc12C1E50ABB450d6205Ea2C3Fa861b3B834d13e8,,Hub,isPermittedFlow,4f338925,view,"[{""name"": ""_from"", ""type"": ""address"", ""position"": 1}, {""name"": ""_to"", ""type"": ""address"", ""position"": 2}, {""name"": ""_circlesAvatar"", ""type"": ""address"", ""position"": 3}]","[{""name"": """", ""type"": ""bool"", ""position"": 1}]"
0xc12C1E50ABB450d6205Ea2C3Fa861b3B834d13e8,,Hub,isTrusted,6713e230,view,"[{""name"": ""_truster"", ""type"": ""address"", ""position"": 1}, {""name"": ""_trustee"", ""type"": ""address"", ""position"": 2}]","[{""name"": """", ""type"": ""bool"", ""position"": 1}]"
0xc12C1E50ABB450d6205Ea2C3Fa861b3B834d13e8,,Hub,migrate,f3177079,nonpayable,"[{""name"": ""_owner"", ""type"": ""address"", ""position"": 1}, {""name"": ""_avatars"", ""type"": ""address[]"", ""position"": 2}, {""name"": ""_amounts"", ""type"": ""uint256[]"", ""position"": 3}]",[]
0xc12C1E50ABB450d6205Ea2C3Fa861b3B834d13e8,,Hub,mintPolicies,da33e065,view,"[{""name"": """", ""type"": ""address"", ""position"": 1}]","[{""name"": """", ""type"": ""address"", ""position"": 1}]"
0xc12C1E50ABB450d6205Ea2C3Fa861b3B834d13e8,,Hub,name,06fdde03,view,[],"[{""name"": """", ""type"": ""string"", ""position"": 1}]"
0xc12C1E50ABB450d6205Ea2C3Fa861b3B834d13e8,,Hub,operateFlowMatrix,d45bfe8b,nonpayable,"[{""name"": ""_flowVertices"", ""type"": ""address[]"", ""position"": 1}, {""name"": ""_flow"", ""type"": ""tuple[]"", ""position"": 2}, {""name"": ""_streams"", ""type"": ""tuple[]"", ""position"": 3}, {""name"": ""_packedCoordinates"", ""type"": ""bytes"", ""position"": 4}]",[]
0xc12C1E50ABB450d6205Ea2C3Fa861b3B834d13e8,,Hub,personalMint,0d873a79,nonpayable,[],[]
0xc12C1E50ABB450d6205Ea2C3Fa861b3B834d13e8,,Hub,registerCustomGroup,9bec5726,nonpayable,"[{""name"": ""_mint"", ""type"": ""address"", ""position"": 1}, {""name"": ""_treasury"", ""type"": ""address"", ""position"": 2}, {""name"": ""_name"", ""type"": ""string"", ""position"": 3}, {""name"": ""_symbol"", ""type"": ""string"", ""position"": 4}, {""name"": ""_metadataDigest"", ""type"": ""bytes32"", ""position"": 5}]",[]
0xc12C1E50ABB450d6205Ea2C3Fa861b3B834d13e8,,Hub,registerGroup,0528f507,nonpayable,"[{""name"": ""_mint"", ""type"": ""address"", ""position"": 1}, {""name"": ""_name"", ""type"": ""string"", ""position"": 2}, {""name"": ""_symbol"", ""type"": ""string"", ""position"": 3}, {""name"": ""_metadataDigest"", ""type"": ""bytes32"", ""position"": 4}]",[]
0xc12C1E50ABB450d6205Ea2C3Fa861b3B834d13e8,,Hub,registerHuman,e76cec53,nonpayable,"[{""name"": ""_inviter"", ""type"": ""address"", ""position"": 1}, {""name"": ""_metadataDigest"", ""type"": ""bytes32"", ""position"": 2}]",[]
0xc12C1E50ABB450d6205Ea2C3Fa861b3B834d13e8,,Hub,registerOrganization,bfde380d,nonpayable,"[{""name"": ""_name"", ""type"": ""string"", ""position"": 1}, {""name"": ""_metadataDigest"", ""type"": ""bytes32"", ""position"": 2}]",[]
0xc12C1E50ABB450d6205Ea2C3Fa861b3B834d13e8,,Hub,safeBatchTransferFrom,2eb2c2d6,nonpayable,"[{""name"": ""_from"", ""type"": ""address"", ""position"": 1}, {""name"": ""_to"", ""type"": ""address"", ""position"": 2}, {""name"": ""_ids"", ""type"": ""uint256[]"", ""position"": 3}, {""name"": ""_values"", ""type"": ""uint256[]"", ""position"": 4}, {""name"": ""_data"", ""type"": ""bytes"", ""position"": 5}]",[]
0xc12C1E50ABB450d6205Ea2C3Fa861b3B834d13e8,,Hub,safeTransferFrom,f242432a,nonpayable,"[{""name"": ""_from"", ""type"": ""address"", ""position"": 1}, {""name"": ""_to"", ""type"": ""address"", ""position"": 2}, {""name"": ""_id"", ""type"": ""uint256"", ""position"": 3}, {""name"": ""_value"", ""type"": ""uint256"", ""position"": 4}, {""name"": ""_data"", ""type"": ""bytes"", ""position"": 5}]",[]
0xc12C1E50ABB450d6205Ea2C3Fa861b3B834d13e8,,Hub,setAdvancedUsageFlag,bda79c54,nonpayable,"[{""name"": ""_flag"", ""type"": ""bytes32"", ""position"": 1}]",[]
0xc12C1E50ABB450d6205Ea2C3Fa861b3B834d13e8,,Hub,setApprovalForAll,a22cb465,nonpayable,"[{""name"": ""_operator"", ""type"": ""address"", ""position"": 1}, {""name"": ""_approved"", ""type"": ""bool"", ""position"": 2}]",[]
0xc12C1E50ABB450d6205Ea2C3Fa861b3B834d13e8,,Hub,stop,07da68f5,nonpayable,[],[]
0xc12C1E50ABB450d6205Ea2C3Fa861b3B834d13e8,,Hub,stopped,47df87ab,view,"[{""name"": ""_human"", ""type"": ""address"", ""position"": 1}]","[{""name"": """", ""type"": ""bool"", ""position"": 1}]"
0xc12C1E50ABB450d6205Ea2C3Fa861b3B834d13e8,,Hub,supportsInterface,01ffc9a7,view,"[{""name"": ""_interfaceId"", ""type"": ""bytes4"", ""position"": 1}]","[{""name"": """", ""type"": ""bool"", ""position"": 1}]"
0xc12C1E50ABB450d6205Ea2C3Fa861b3B834d13e8,,Hub,symbol,95d89b41,view,[],"[{""name"": """", ""type"": ""string"", ""position"": 1}]"
0xc12C1E50ABB450d6205Ea2C3Fa861b3B834d13e8,,Hub,toTokenId,7cf637cd,pure,"[{""name"": ""_avatar"", ""type"": ""address"", ""position"": 1}]","[{""name"": """", ""type"": ""uint256"", ""position"": 1}]"
0xc12C1E50ABB450d6205Ea2C3Fa861b3B834d13e8,,Hub,totalSupply,bd85b039,view,"[{""name"": ""_id"", ""type"": ""uint256"", ""position"": 1}]","[{""name"": """", ""type"": ""uint256"", ""position"": 1}]"
0xc12C1E50ABB450d6205Ea2C3Fa861b3B834d13e8,,Hub,treasuries,0849b234,view,"[{""name"": """", ""type"": ""address"", ""position"": 1}]","[{""name"": """", ""type"": ""address"", ""position"": 1}]"
0xc12C1E50ABB450d6205Ea2C3Fa861b3B834d13e8,,Hub,trust,75dcebc7,nonpayable,"[{""name"": ""_trustReceiver"", ""type"": ""address"", ""position"": 1}, {""name"": ""_expiry"", ""type"": ""uint96"", ""position"": 2}]",[]
0xc12C1E50ABB450d6205Ea2C3Fa861b3B834d13e8,,Hub,trustMarkers,7cd0cea6,view,"[{""name"": """", ""type"": ""address"", ""position"": 1}, {""name"": """", ""type"": ""address"", ""position"": 2}]","[{""name"": ""previous"", ""type"": ""address"", ""position"": 1}, {""name"": ""expiry"", ""type"": ""uint96"", ""position"": 2}]"
0xc12C1E50ABB450d6205Ea2C3Fa861b3B834d13e8,,Hub,uri,0e89341c,view,"[{""name"": """", ""type"": ""uint256"", ""position"": 1}]","[{""name"": """", ""type"": ""string"", ""position"": 1}]"
0xc12C1E50ABB450d6205Ea2C3Fa861b3B834d13e8,,Hub,wrap,aabd6954,nonpayable,"[{""name"": ""_avatar"", ""type"": ""address"", ""position"": 1}, {""name"": ""_amount"", ""type"": ""uint256"", ""position"": 2}, {""name"": ""_type"", ""type"": ""uint8"", ""position"": 3}]","[{""name"": """", ""type"": ""address"", ""position"": 1}]"
0xe91d153e0b41518a2ce8dd3d7944fa863463a97d,,WXDAI,name,06fdde03,view,[],"[{""name"": """", ""type"": ""string"", ""position"": 1}]"
0xe91d153e0b41518a2ce8dd3d7944fa863463a97d,,WXDAI,approve,095ea7b3,nonpayable,"[{""name"": ""guy"", ""type"": ""address"", ""position"": 1}, {""name"": ""wad"", ""type"": ""uint256"", ""position"": 2}]","[{""name"": """", ""type"": ""bool"", ""position"": 1}]"
0xe91d153e0b41518a2ce8dd3d7944fa863463a97d,,WXDAI,totalSupply,18160ddd,view,[],"[{""name"": """", ""type"": ""uint256"", ""position"": 1}]"
0xe91d153e0b41518a2ce8dd3d7944fa863463a97d,,WXDAI,transferFrom,23b872dd,nonpayable,"[{""name"": ""src"", ""type"": ""address"", ""position"": 1}, {""name"": ""dst"", ""type"": ""address"", ""position"": 2}, {""name"": ""wad"", ""type"": ""uint256"", ""position"": 3}]","[{""name"": """", ""type"": ""bool"", ""position"": 1}]"
0xe91d153e0b41518a2ce8dd3d7944fa863463a97d,,WXDAI,withdraw,2e1a7d4d,nonpayable,"[{""name"": ""wad"", ""type"": ""uint256"", ""position"": 1}]",[]
0xe91d153e0b41518a2ce8dd3d7944fa863463a97d,,WXDAI,decimals,313ce567,view,[],"[{""name"": """", ""type"": ""uint8"", ""position"": 1}]"
0xe91d153e0b41518a2ce8dd3d7944fa863463a97d,,WXDAI,balanceOf,70a08231,view,"[{""name"": """", ""type"": ""address"", ""position"": 1}]","[{""name"": """", ""type"": ""uint256"", ""position"": 1}]"
0xe91d153e0b41518a2ce8dd3d7944fa863463a97d,,WXDAI,symbol,95d89b41,view,[],"[{""name"": """", ""type"": ""string"", ""position"": 1}]"
0xe91d153e0b41518a2ce8dd3d7944fa863463a97d,,WXDAI,transfer,a9059cbb,nonpayable,"[{""name"": ""dst"", ""type"": ""address"", ""position"": 1}, {""name"": ""wad"", ""type"": ""uint256"", ""position"": 2}]","[{""name"": """", ""type"": ""bool"", ""position"": 1}]"
0xe91d153e0b41518a2ce8dd3d7944fa863463a97d,,WXDAI,deposit,d0e30db0,payable,[],[]
0xe91d153e0b41518a2ce8dd3d7944fa863463a97d,,WXDAI,allowance,dd62ed3e,view,"[{""name"": """", ""type"": ""address"", ""position"": 1}, {""name"": """", ""type"": ""address"", ""position"": 2}]","[{""name"": """", ""type"": ""uint256"", ""position"": 1}]"
